"input_text","_source","gold","text"
"Selection of competitors : all neighbours within a radius of 2-Jan the height of the target tree were said to be competitors ( target_group : CSP #ERROR! target tree species ) The name consists of the CSP name and the @QUALITY$ of the target @ORGANISM$ around which the area is located .","entity_pair","HAVE","We measured above- and below-ground carbon stocks as well as the @QUALITY$ of four groups of plants and eight of @ORGANISM$ on 14 representative plots in Sulawesi , Indonesia , ranging from natural rainforest to cacao agroforests that have replaced former natural forest ."
"Selection of competitors : all neighbours within a radius of 2-Jan the height of the target tree were said to be competitors ( target_group : CSP #ERROR! target tree species ) The name consists of the CSP name and the @QUALITY$ of the target @ORGANISM$ around which the area is located .","entity_pair","INFLUENCE","Using a combination of @QUALITY$ analyses , metagenomics , and whole-genome sequencing , we reveal that the fungus garden microbiome of leaf-cutter @ORGANISM$ is composed of a diverse community of bacteria with high plant biomass-degrading capacity ."
"Selection of competitors : all neighbours within a radius of 2-Jan the height of the target tree were said to be competitors ( target_group : CSP #ERROR! target tree species ) The name consists of the CSP name and the @QUALITY$ of the target @ORGANISM$ around which the area is located .","entity_pair","NA","Here we analyse patterns of marine mammal @QUALITY$ based on predictions of global distributional ranges for 115 @ORGANISM$ , including all extant pinnipeds and cetaceans ."
"Selection of competitors : all neighbours within a radius of 2-Jan the height of the target tree were said to be competitors ( target_group : CSP #ERROR! target tree species ) The name consists of the CSP name and the @QUALITY$ of the target @ORGANISM$ around which the area is located .","entity_pair","NA","We tested speciesspecific differences of crown area , @QUALITY$ and stem inclination using a mixed effects model with @ORGANISM$ as fixed effect and plot as random effect ."
"Selection of competitors : all neighbours within a radius of 2-Jan the height of the target tree were said to be competitors ( target_group : CSP #ERROR! target tree species ) The name consists of the CSP name and the @QUALITY$ of the target @ORGANISM$ around which the area is located .","entity_pair","NA","Mind that the azimuth may have to be corrected given the date and location , since it depends on the magnetic field of the earth.CSP metal tag number ( trees , woody debris ) ; Datagroup description : CSP metal tag number ( trees , @QUALITY$ debris ) ; Datagroup description : CSP @ORGANISM$ individuals were marked mostly with metal tags but also additional tags were used ."
"19-23 72070 TÃƒÆ’Ã‚Â¼bingen Germany -2981918 Christian GeiÃƒÆ’Ã…Â¸ler Uni TÃƒÆ’Ã‚Â¼bingen @LOCATION$ 6/7/2011 en_US Rain was captured in open @ENVIRONMENT$ and in vegetated conditions parallel to measurements in the Comparative study plots ( CSPs ) .","entity_pair","OCCUR_IN","The spatial identification of hot spots highlighted the ecological importance of most of the @LOCATION$ shelves ( and in particular , the Strait of Gibraltar and the adjacent Alboran Sea ) , western @ENVIRONMENT$ , the Adriatic , and the Aegean Sea , which show high concentrations of endangered , threatened , or vulnerable species ."
"19-23 72070 TÃƒÆ’Ã‚Â¼bingen Germany -2981918 Christian GeiÃƒÆ’Ã…Â¸ler Uni TÃƒÆ’Ã‚Â¼bingen @LOCATION$ 6/7/2011 en_US Rain was captured in open @ENVIRONMENT$ and in vegetated conditions parallel to measurements in the Comparative study plots ( CSPs ) .","entity_pair","OCCUR_IN","SUMMARY This data set shows point @LOCATION$ of Bird Conservation @ENVIRONMENT$ ."
"19-23 72070 TÃƒÆ’Ã‚Â¼bingen Germany -2981918 Christian GeiÃƒÆ’Ã…Â¸ler Uni TÃƒÆ’Ã‚Â¼bingen @LOCATION$ 6/7/2011 en_US Rain was captured in open @ENVIRONMENT$ and in vegetated conditions parallel to measurements in the Comparative study plots ( CSPs ) .","entity_pair","NA","Main Experiment : Seedling addition experiment - growth and biomass data Markus Germany Alexandra Erfmeier Institute of Botany / Geobotany and Botanical Garden Martin Luther University Halle-Wittenberg Am Kirchtor 1 6108 @LOCATION$ 0345-55-26230 ######## en_US While coexistence in plant communities is frequently explained by effects of resource niche partitioning , the Janzen-Connell ( J-C ) hypothesis is an alternative approach that has been assumed as a major ecological mechanism explaining high species richness levels , in particular , in @ENVIRONMENT$ ."
"19-23 72070 TÃƒÆ’Ã‚Â¼bingen Germany -2981918 Christian GeiÃƒÆ’Ã…Â¸ler Uni TÃƒÆ’Ã‚Â¼bingen @LOCATION$ 6/7/2011 en_US Rain was captured in open @ENVIRONMENT$ and in vegetated conditions parallel to measurements in the Comparative study plots ( CSPs ) .","entity_pair","NA","Our novel approach to this important but untested hypothesis was to conduct the same field experiment at three @LOCATION$ across the Indo-Pacific biodiversity gradient ( Papua New Guinea ; Great @ENVIRONMENT$ , Australia ; French Polynesia ) ."
"19-23 72070 TÃƒÆ’Ã‚Â¼bingen Germany -2981918 Christian GeiÃƒÆ’Ã…Â¸ler Uni TÃƒÆ’Ã‚Â¼bingen @LOCATION$ 6/7/2011 en_US Rain was captured in open @ENVIRONMENT$ and in vegetated conditions parallel to measurements in the Comparative study plots ( CSPs ) .","entity_pair","NA","SUMMARY This data set shows point @LOCATION$ of Bird @ENVIRONMENT$ ."
"-- - Crown length is calculated as the total tree height minus the height of the bifurcation point , The @QUALITY$ was calculated as crown length divided by the total height of the @ORGANISM$ ( mean_rad : mean crown radius ) dimensionless real Crown architecture Crown radii in the eight subcardinal directions were determined by means of a crown mirror .","entity_pair","HAVE","We measured above- and below-ground carbon stocks as well as the @QUALITY$ of four groups of plants and eight of @ORGANISM$ on 14 representative plots in Sulawesi , Indonesia , ranging from natural rainforest to cacao agroforests that have replaced former natural forest ."
"-- - Crown length is calculated as the total tree height minus the height of the bifurcation point , The @QUALITY$ was calculated as crown length divided by the total height of the @ORGANISM$ ( mean_rad : mean crown radius ) dimensionless real Crown architecture Crown radii in the eight subcardinal directions were determined by means of a crown mirror .","entity_pair","INFLUENCE","Using a combination of @QUALITY$ analyses , metagenomics , and whole-genome sequencing , we reveal that the fungus garden microbiome of leaf-cutter @ORGANISM$ is composed of a diverse community of bacteria with high plant biomass-degrading capacity ."
"-- - Crown length is calculated as the total tree height minus the height of the bifurcation point , The @QUALITY$ was calculated as crown length divided by the total height of the @ORGANISM$ ( mean_rad : mean crown radius ) dimensionless real Crown architecture Crown radii in the eight subcardinal directions were determined by means of a crown mirror .","entity_pair","NA","Here we analyse patterns of marine mammal @QUALITY$ based on predictions of global distributional ranges for 115 @ORGANISM$ , including all extant pinnipeds and cetaceans ."
"-- - Crown length is calculated as the total tree height minus the height of the bifurcation point , The @QUALITY$ was calculated as crown length divided by the total height of the @ORGANISM$ ( mean_rad : mean crown radius ) dimensionless real Crown architecture Crown radii in the eight subcardinal directions were determined by means of a crown mirror .","entity_pair","NA","We tested speciesspecific differences of crown area , @QUALITY$ and stem inclination using a mixed effects model with @ORGANISM$ as fixed effect and plot as random effect ."
"-- - Crown length is calculated as the total tree height minus the height of the bifurcation point , The @QUALITY$ was calculated as crown length divided by the total height of the @ORGANISM$ ( mean_rad : mean crown radius ) dimensionless real Crown architecture Crown radii in the eight subcardinal directions were determined by means of a crown mirror .","entity_pair","NA","Mind that the azimuth may have to be corrected given the date and location , since it depends on the magnetic field of the earth.CSP metal tag number ( trees , woody debris ) ; Datagroup description : CSP metal tag number ( trees , @QUALITY$ debris ) ; Datagroup description : CSP @ORGANISM$ individuals were marked mostly with metal tags but also additional tags were used ."
"Indicators : Access to clean fuels and technologies for cooking , Access to electricity , Adjusted net savings , Adjusted savings , Agricultural land , Agricultural methane emissions , Agricultural nitrous oxide emissions , Annual freshwater withdrawals , Aquaculture production , Arable land , Average precipitation in depth , Bird species , @PHENOMENA$ , @MATTER$ emissions from electricity and heat production , CO2 emissions from gaseous fuel consumption , CO2 emissions from liquid fuel consumption , CO2 emissions from manufacturing industries and construction , CO2 emissions from other sectors , CO2 emissions from residential buildings and commercial and public services , CO2 emissions from solid fuel consumption , CO2 emissions from transport , CO2 intensity , Capture fisheries production , Coal rents , Disaster risk reduction progress score , Droughts , Electricity production from oil , Electricity production from renewable sources , Energy intensity level of primary energy , Energy related methane emissions , Fish species , Forest area , Forest rents , GHG net emissions/removals by LUCF , HFC gas emissions , Land area , Land area where elevation is below 5 meters , Mammal species , Marine protected areas , Methane emissions , Methane emissions in energy sector , Mineral rents , Mortality rate attributed to household and ambient air pollution , Mortality rate attributed to unintentional poisoning , Mortality rate attributed to unsafe water , Natural gas rents , Nitrous oxide emissions , Nitrous oxide emissions in energy sector , Oil rents , Other greenhouse gas emissions , PFC gas emissions , PM2.5 air pollution , People practicing open defecation , People using at least basic drinking water services , People using at least basic sanitation services , People using safely managed drinking water services , People using safely managed sanitation services , People with basic handwashing facilities including soap and water , Plant species , Population living in areas where elevation is below 5 meters , Population living in slums , Renewable electricity output , Renewable energy consumption , Renewable internal freshwater resources , Renewable internal freshwater resources per capita , Rural land area , Rural land area where elevation is below 5 meters , Rural population living in areas where elevation is below 5 meters , SF6 gas emissions , Surface area , Terrestrial and marine protected areas , Terrestrial protected areas , Total fisheries production , Total greenhouse gas emissions , Total natural resources rents , Urban land area , Urban land area where elevation is below 5 meters , Urban population living in areas where elevation is below 5 meters , Water productivity Methodology - Registry Source : Last updated at : ######## License - Creative Commons Attribution International CC-BY environment_indicators_for_india_1 country_name Country Name string # string country_name country_iso3 Country ISO3 string # string country_iso3 year Year gyear # gYear year indicator_name Indicator Name string # string indicator_name indicator_code Indicator Code string # string indicator_code value Value number # decimal value data/environment_indicators_for_india_1.csv csv original/environment-indicators-for-india-1.csv original/environment-indicators-for-india-1.csv csv text/csv 375066 environment hxl indicators india","entity_pair","INFLUENCE","Genomic and physiological characterization of two dominant bacteria in the @ORGANISM$ provides evidence of their capacity to degrade @MATTER$ ."
"Indicators : Access to clean fuels and technologies for cooking , Access to electricity , Adjusted net savings , Adjusted savings , Agricultural land , Agricultural methane emissions , Agricultural nitrous oxide emissions , Annual freshwater withdrawals , Aquaculture production , Arable land , Average precipitation in depth , Bird species , @PHENOMENA$ , @MATTER$ emissions from electricity and heat production , CO2 emissions from gaseous fuel consumption , CO2 emissions from liquid fuel consumption , CO2 emissions from manufacturing industries and construction , CO2 emissions from other sectors , CO2 emissions from residential buildings and commercial and public services , CO2 emissions from solid fuel consumption , CO2 emissions from transport , CO2 intensity , Capture fisheries production , Coal rents , Disaster risk reduction progress score , Droughts , Electricity production from oil , Electricity production from renewable sources , Energy intensity level of primary energy , Energy related methane emissions , Fish species , Forest area , Forest rents , GHG net emissions/removals by LUCF , HFC gas emissions , Land area , Land area where elevation is below 5 meters , Mammal species , Marine protected areas , Methane emissions , Methane emissions in energy sector , Mineral rents , Mortality rate attributed to household and ambient air pollution , Mortality rate attributed to unintentional poisoning , Mortality rate attributed to unsafe water , Natural gas rents , Nitrous oxide emissions , Nitrous oxide emissions in energy sector , Oil rents , Other greenhouse gas emissions , PFC gas emissions , PM2.5 air pollution , People practicing open defecation , People using at least basic drinking water services , People using at least basic sanitation services , People using safely managed drinking water services , People using safely managed sanitation services , People with basic handwashing facilities including soap and water , Plant species , Population living in areas where elevation is below 5 meters , Population living in slums , Renewable electricity output , Renewable energy consumption , Renewable internal freshwater resources , Renewable internal freshwater resources per capita , Rural land area , Rural land area where elevation is below 5 meters , Rural population living in areas where elevation is below 5 meters , SF6 gas emissions , Surface area , Terrestrial and marine protected areas , Terrestrial protected areas , Total fisheries production , Total greenhouse gas emissions , Total natural resources rents , Urban land area , Urban land area where elevation is below 5 meters , Urban population living in areas where elevation is below 5 meters , Water productivity Methodology - Registry Source : Last updated at : ######## License - Creative Commons Attribution International CC-BY environment_indicators_for_india_1 country_name Country Name string # string country_name country_iso3 Country ISO3 string # string country_iso3 year Year gyear # gYear year indicator_name Indicator Name string # string indicator_name indicator_code Indicator Code string # string indicator_code value Value number # decimal value data/environment_indicators_for_india_1.csv csv original/environment-indicators-for-india-1.csv original/environment-indicators-for-india-1.csv csv text/csv 375066 environment hxl indicators india","entity_pair","INFLUENCE","those with a low cavitation resistance ) benefitted the most from growing in diverse neighbourhoods , suggesting that @QUALITY$ among local neighbours during @PHENOMENA$ particularly facilitated most vulnerable individuals ."
"Indicators : Access to clean fuels and technologies for cooking , Access to electricity , Adjusted net savings , Adjusted savings , Agricultural land , Agricultural methane emissions , Agricultural nitrous oxide emissions , Annual freshwater withdrawals , Aquaculture production , Arable land , Average precipitation in depth , Bird species , @PHENOMENA$ , @MATTER$ emissions from electricity and heat production , CO2 emissions from gaseous fuel consumption , CO2 emissions from liquid fuel consumption , CO2 emissions from manufacturing industries and construction , CO2 emissions from other sectors , CO2 emissions from residential buildings and commercial and public services , CO2 emissions from solid fuel consumption , CO2 emissions from transport , CO2 intensity , Capture fisheries production , Coal rents , Disaster risk reduction progress score , Droughts , Electricity production from oil , Electricity production from renewable sources , Energy intensity level of primary energy , Energy related methane emissions , Fish species , Forest area , Forest rents , GHG net emissions/removals by LUCF , HFC gas emissions , Land area , Land area where elevation is below 5 meters , Mammal species , Marine protected areas , Methane emissions , Methane emissions in energy sector , Mineral rents , Mortality rate attributed to household and ambient air pollution , Mortality rate attributed to unintentional poisoning , Mortality rate attributed to unsafe water , Natural gas rents , Nitrous oxide emissions , Nitrous oxide emissions in energy sector , Oil rents , Other greenhouse gas emissions , PFC gas emissions , PM2.5 air pollution , People practicing open defecation , People using at least basic drinking water services , People using at least basic sanitation services , People using safely managed drinking water services , People using safely managed sanitation services , People with basic handwashing facilities including soap and water , Plant species , Population living in areas where elevation is below 5 meters , Population living in slums , Renewable electricity output , Renewable energy consumption , Renewable internal freshwater resources , Renewable internal freshwater resources per capita , Rural land area , Rural land area where elevation is below 5 meters , Rural population living in areas where elevation is below 5 meters , SF6 gas emissions , Surface area , Terrestrial and marine protected areas , Terrestrial protected areas , Total fisheries production , Total greenhouse gas emissions , Total natural resources rents , Urban land area , Urban land area where elevation is below 5 meters , Urban population living in areas where elevation is below 5 meters , Water productivity Methodology - Registry Source : Last updated at : ######## License - Creative Commons Attribution International CC-BY environment_indicators_for_india_1 country_name Country Name string # string country_name country_iso3 Country ISO3 string # string country_iso3 year Year gyear # gYear year indicator_name Indicator Name string # string indicator_name indicator_code Indicator Code string # string indicator_code value Value number # decimal value data/environment_indicators_for_india_1.csv csv original/environment-indicators-for-india-1.csv original/environment-indicators-for-india-1.csv csv text/csv 375066 environment hxl indicators india","entity_pair","NA","The greatest consumptive energy sector use is evaporation from hydroelectric reservoirs , followed by @PHENOMENA$ water for @MATTER$ feedstocks and water used for electricity generation from coal ."
"Indicators : Access to clean fuels and technologies for cooking , Access to electricity , Adjusted net savings , Adjusted savings , Agricultural land , Agricultural methane emissions , Agricultural nitrous oxide emissions , Annual freshwater withdrawals , Aquaculture production , Arable land , Average precipitation in depth , Bird species , @PHENOMENA$ , @MATTER$ emissions from electricity and heat production , CO2 emissions from gaseous fuel consumption , CO2 emissions from liquid fuel consumption , CO2 emissions from manufacturing industries and construction , CO2 emissions from other sectors , CO2 emissions from residential buildings and commercial and public services , CO2 emissions from solid fuel consumption , CO2 emissions from transport , CO2 intensity , Capture fisheries production , Coal rents , Disaster risk reduction progress score , Droughts , Electricity production from oil , Electricity production from renewable sources , Energy intensity level of primary energy , Energy related methane emissions , Fish species , Forest area , Forest rents , GHG net emissions/removals by LUCF , HFC gas emissions , Land area , Land area where elevation is below 5 meters , Mammal species , Marine protected areas , Methane emissions , Methane emissions in energy sector , Mineral rents , Mortality rate attributed to household and ambient air pollution , Mortality rate attributed to unintentional poisoning , Mortality rate attributed to unsafe water , Natural gas rents , Nitrous oxide emissions , Nitrous oxide emissions in energy sector , Oil rents , Other greenhouse gas emissions , PFC gas emissions , PM2.5 air pollution , People practicing open defecation , People using at least basic drinking water services , People using at least basic sanitation services , People using safely managed drinking water services , People using safely managed sanitation services , People with basic handwashing facilities including soap and water , Plant species , Population living in areas where elevation is below 5 meters , Population living in slums , Renewable electricity output , Renewable energy consumption , Renewable internal freshwater resources , Renewable internal freshwater resources per capita , Rural land area , Rural land area where elevation is below 5 meters , Rural population living in areas where elevation is below 5 meters , SF6 gas emissions , Surface area , Terrestrial and marine protected areas , Terrestrial protected areas , Total fisheries production , Total greenhouse gas emissions , Total natural resources rents , Urban land area , Urban land area where elevation is below 5 meters , Urban population living in areas where elevation is below 5 meters , Water productivity Methodology - Registry Source : Last updated at : ######## License - Creative Commons Attribution International CC-BY environment_indicators_for_india_1 country_name Country Name string # string country_name country_iso3 Country ISO3 string # string country_iso3 year Year gyear # gYear year indicator_name Indicator Name string # string indicator_name indicator_code Indicator Code string # string indicator_code value Value number # decimal value data/environment_indicators_for_india_1.csv csv original/environment-indicators-for-india-1.csv original/environment-indicators-for-india-1.csv csv text/csv 375066 environment hxl indicators india","entity_pair","NA","@PHENOMENA$ of @MATTER$ from splash cups during the event extrapolated to m2 and converted into KE yes 1185"
"Indicators : Access to clean fuels and technologies for cooking , Access to electricity , Adjusted net savings , Adjusted savings , Agricultural land , Agricultural methane emissions , Agricultural nitrous oxide emissions , Annual freshwater withdrawals , Aquaculture production , Arable land , Average precipitation in depth , Bird species , @PHENOMENA$ , @MATTER$ emissions from electricity and heat production , CO2 emissions from gaseous fuel consumption , CO2 emissions from liquid fuel consumption , CO2 emissions from manufacturing industries and construction , CO2 emissions from other sectors , CO2 emissions from residential buildings and commercial and public services , CO2 emissions from solid fuel consumption , CO2 emissions from transport , CO2 intensity , Capture fisheries production , Coal rents , Disaster risk reduction progress score , Droughts , Electricity production from oil , Electricity production from renewable sources , Energy intensity level of primary energy , Energy related methane emissions , Fish species , Forest area , Forest rents , GHG net emissions/removals by LUCF , HFC gas emissions , Land area , Land area where elevation is below 5 meters , Mammal species , Marine protected areas , Methane emissions , Methane emissions in energy sector , Mineral rents , Mortality rate attributed to household and ambient air pollution , Mortality rate attributed to unintentional poisoning , Mortality rate attributed to unsafe water , Natural gas rents , Nitrous oxide emissions , Nitrous oxide emissions in energy sector , Oil rents , Other greenhouse gas emissions , PFC gas emissions , PM2.5 air pollution , People practicing open defecation , People using at least basic drinking water services , People using at least basic sanitation services , People using safely managed drinking water services , People using safely managed sanitation services , People with basic handwashing facilities including soap and water , Plant species , Population living in areas where elevation is below 5 meters , Population living in slums , Renewable electricity output , Renewable energy consumption , Renewable internal freshwater resources , Renewable internal freshwater resources per capita , Rural land area , Rural land area where elevation is below 5 meters , Rural population living in areas where elevation is below 5 meters , SF6 gas emissions , Surface area , Terrestrial and marine protected areas , Terrestrial protected areas , Total fisheries production , Total greenhouse gas emissions , Total natural resources rents , Urban land area , Urban land area where elevation is below 5 meters , Urban population living in areas where elevation is below 5 meters , Water productivity Methodology - Registry Source : Last updated at : ######## License - Creative Commons Attribution International CC-BY environment_indicators_for_india_1 country_name Country Name string # string country_name country_iso3 Country ISO3 string # string country_iso3 year Year gyear # gYear year indicator_name Indicator Name string # string indicator_name indicator_code Indicator Code string # string indicator_code value Value number # decimal value data/environment_indicators_for_india_1.csv csv original/environment-indicators-for-india-1.csv original/environment-indicators-for-india-1.csv csv text/csv 375066 environment hxl indicators india","entity_pair","NA","At the bottom of the cup a silk cover prevents @PHENOMENA$ of @MATTER$ and guarantees free drainage of water from the cup to the carrier and vice versa ."
"Indicators : Access to electricity , Adjusted savings , Agricultural land , Agricultural methane emissions , Agricultural nitrous oxide emissions , Arable land , Bird species , CO2 emissions , CO2 emissions from gaseous fuel consumption , CO2 emissions from liquid fuel consumption , CO2 emissions from solid fuel consumption , Capture fisheries production , Coal rents , Energy related methane emissions , Fish species , Forest area , Forest rents , Land area , Land area where elevation is below 5 meters , Mammal species , @ENVIRONMENT$ , @PHENOMENA$ , Methane emissions in energy sector , Mineral rents , Natural gas rents , Nitrous oxide emissions , Nitrous oxide emissions in energy sector , Oil rents , PM2.5 air pollution , People practicing open defecation , People using at least basic drinking water services , People using at least basic sanitation services , People using safely managed drinking water services , People using safely managed sanitation services , Plant species , Population living in areas where elevation is below 5 meters , Renewable electricity output , Renewable energy consumption , Renewable internal freshwater resources , Renewable internal freshwater resources per capita , Rural land area , Rural land area where elevation is below 5 meters , Rural population living in areas where elevation is below 5 meters , Surface area , Terrestrial and marine protected areas , Terrestrial protected areas , Total fisheries production , Total natural resources rents , Urban land area , Urban land area where elevation is below 5 meters , Urban population living in areas where elevation is below 5 meters Methodology - Registry Source : Last updated at : ######## License - Creative Commons Attribution International CC-BY environment_indicators_for_greenland_1 country_name Country Name string # string country_name country_iso3 Country ISO3 string # string country_iso3 year Year gyear # gYear year indicator_name Indicator Name string # string indicator_name indicator_code Indicator Code string # string indicator_code value Value number # decimal value data/environment_indicators_for_greenland_1.csv csv original/environment-indicators-for-greenland-1.csv original/environment-indicators-for-greenland-1.csv csv text/csv 211273 environment hxl indicators greenland","entity_pair","OCCUR_IN","Here we review the literature to determine the state-of-the-art in modeling @ENVIRONMENT$ under @PHENOMENA$ , with the aim of evaluating and detecting trends and gaps in the current approaches being employed , as well as to provide a useful overview and guidelines for future research ."
"Indicators : Access to electricity , Adjusted savings , Agricultural land , Agricultural methane emissions , Agricultural nitrous oxide emissions , Arable land , Bird species , CO2 emissions , CO2 emissions from gaseous fuel consumption , CO2 emissions from liquid fuel consumption , CO2 emissions from solid fuel consumption , Capture fisheries production , Coal rents , Energy related methane emissions , Fish species , Forest area , Forest rents , Land area , Land area where elevation is below 5 meters , Mammal species , @ENVIRONMENT$ , @PHENOMENA$ , Methane emissions in energy sector , Mineral rents , Natural gas rents , Nitrous oxide emissions , Nitrous oxide emissions in energy sector , Oil rents , PM2.5 air pollution , People practicing open defecation , People using at least basic drinking water services , People using at least basic sanitation services , People using safely managed drinking water services , People using safely managed sanitation services , Plant species , Population living in areas where elevation is below 5 meters , Renewable electricity output , Renewable energy consumption , Renewable internal freshwater resources , Renewable internal freshwater resources per capita , Rural land area , Rural land area where elevation is below 5 meters , Rural population living in areas where elevation is below 5 meters , Surface area , Terrestrial and marine protected areas , Terrestrial protected areas , Total fisheries production , Total natural resources rents , Urban land area , Urban land area where elevation is below 5 meters , Urban population living in areas where elevation is below 5 meters Methodology - Registry Source : Last updated at : ######## License - Creative Commons Attribution International CC-BY environment_indicators_for_greenland_1 country_name Country Name string # string country_name country_iso3 Country ISO3 string # string country_iso3 year Year gyear # gYear year indicator_name Indicator Name string # string indicator_name indicator_code Indicator Code string # string indicator_code value Value number # decimal value data/environment_indicators_for_greenland_1.csv csv original/environment-indicators-for-greenland-1.csv original/environment-indicators-for-greenland-1.csv csv text/csv 211273 environment hxl indicators greenland","entity_pair","INFLUENCE","`` Individual-tree radial growth in a @ENVIRONMENT$ encourages the role of @PHENOMENA$ . ."
"Indicators : Access to electricity , Adjusted savings , Agricultural land , Agricultural methane emissions , Agricultural nitrous oxide emissions , Arable land , Bird species , CO2 emissions , CO2 emissions from gaseous fuel consumption , CO2 emissions from liquid fuel consumption , CO2 emissions from solid fuel consumption , Capture fisheries production , Coal rents , Energy related methane emissions , Fish species , Forest area , Forest rents , Land area , Land area where elevation is below 5 meters , Mammal species , @ENVIRONMENT$ , @PHENOMENA$ , Methane emissions in energy sector , Mineral rents , Natural gas rents , Nitrous oxide emissions , Nitrous oxide emissions in energy sector , Oil rents , PM2.5 air pollution , People practicing open defecation , People using at least basic drinking water services , People using at least basic sanitation services , People using safely managed drinking water services , People using safely managed sanitation services , Plant species , Population living in areas where elevation is below 5 meters , Renewable electricity output , Renewable energy consumption , Renewable internal freshwater resources , Renewable internal freshwater resources per capita , Rural land area , Rural land area where elevation is below 5 meters , Rural population living in areas where elevation is below 5 meters , Surface area , Terrestrial and marine protected areas , Terrestrial protected areas , Total fisheries production , Total natural resources rents , Urban land area , Urban land area where elevation is below 5 meters , Urban population living in areas where elevation is below 5 meters Methodology - Registry Source : Last updated at : ######## License - Creative Commons Attribution International CC-BY environment_indicators_for_greenland_1 country_name Country Name string # string country_name country_iso3 Country ISO3 string # string country_iso3 year Year gyear # gYear year indicator_name Indicator Name string # string indicator_name indicator_code Indicator Code string # string indicator_code value Value number # decimal value data/environment_indicators_for_greenland_1.csv csv original/environment-indicators-for-greenland-1.csv original/environment-indicators-for-greenland-1.csv csv text/csv 211273 environment hxl indicators greenland","entity_pair","NA","Ways to quantify precipitation : rainfall amount open @ENVIRONMENT$ ( collecting bottle ) mmmeasured by a @PHENOMENA$ collecting bottle ; rainfall amount open field ( vaisala ) mmmeasured by the vaisala sensor -- - average rainfall intensity open field ( vaisala ) mm/hmeasured by the vaisala sensor -- - peak rainfall intensity open field ( vaisala ) mm/hmeasured by the vaisala sensor -- - average of the five highest five minute intensities open field ( vaisala ) measured by the vaisala sensor -- - rainfall amount ( tipping-bucket ) mmmeasured by the tipping-bucket rain gauge -- - average rainfall intensity ( tipping-bucket ) mm/hmeasured by the tipping-bucket rain gauge -- - peak rainfall intensity ( tipping-bucket ) mm/hmeasured by the tipping-bucket rain gauge rainfall amount open field ( vaisala ) mm -- rainfall amount ( vaisala ) -- measured by the vaisala sensor Precipitation ( int_v ) , millimeter per hour int_v Precipitation measured at the climate station or locally within sites ."
"Indicators : Access to electricity , Adjusted savings , Agricultural land , Agricultural methane emissions , Agricultural nitrous oxide emissions , Arable land , Bird species , CO2 emissions , CO2 emissions from gaseous fuel consumption , CO2 emissions from liquid fuel consumption , CO2 emissions from solid fuel consumption , Capture fisheries production , Coal rents , Energy related methane emissions , Fish species , Forest area , Forest rents , Land area , Land area where elevation is below 5 meters , Mammal species , @ENVIRONMENT$ , @PHENOMENA$ , Methane emissions in energy sector , Mineral rents , Natural gas rents , Nitrous oxide emissions , Nitrous oxide emissions in energy sector , Oil rents , PM2.5 air pollution , People practicing open defecation , People using at least basic drinking water services , People using at least basic sanitation services , People using safely managed drinking water services , People using safely managed sanitation services , Plant species , Population living in areas where elevation is below 5 meters , Renewable electricity output , Renewable energy consumption , Renewable internal freshwater resources , Renewable internal freshwater resources per capita , Rural land area , Rural land area where elevation is below 5 meters , Rural population living in areas where elevation is below 5 meters , Surface area , Terrestrial and marine protected areas , Terrestrial protected areas , Total fisheries production , Total natural resources rents , Urban land area , Urban land area where elevation is below 5 meters , Urban population living in areas where elevation is below 5 meters Methodology - Registry Source : Last updated at : ######## License - Creative Commons Attribution International CC-BY environment_indicators_for_greenland_1 country_name Country Name string # string country_name country_iso3 Country ISO3 string # string country_iso3 year Year gyear # gYear year indicator_name Indicator Name string # string indicator_name indicator_code Indicator Code string # string indicator_code value Value number # decimal value data/environment_indicators_for_greenland_1.csv csv original/environment-indicators-for-greenland-1.csv original/environment-indicators-for-greenland-1.csv csv text/csv 211273 environment hxl indicators greenland","entity_pair","NA","Here , we investigate the impacts of decomposer diversity on the stability ( reliability ) of three important aboveground and @ENVIRONMENT$ functions : primary productivity ( shoot and root biomass ) , litter decomposition , and @PHENOMENA$ ."
"Indicators : Access to electricity , Adjusted savings , Agricultural land , Agricultural methane emissions , Agricultural nitrous oxide emissions , Arable land , Bird species , CO2 emissions , CO2 emissions from gaseous fuel consumption , CO2 emissions from liquid fuel consumption , CO2 emissions from solid fuel consumption , Capture fisheries production , Coal rents , Energy related methane emissions , Fish species , Forest area , Forest rents , Land area , Land area where elevation is below 5 meters , Mammal species , @ENVIRONMENT$ , @PHENOMENA$ , Methane emissions in energy sector , Mineral rents , Natural gas rents , Nitrous oxide emissions , Nitrous oxide emissions in energy sector , Oil rents , PM2.5 air pollution , People practicing open defecation , People using at least basic drinking water services , People using at least basic sanitation services , People using safely managed drinking water services , People using safely managed sanitation services , Plant species , Population living in areas where elevation is below 5 meters , Renewable electricity output , Renewable energy consumption , Renewable internal freshwater resources , Renewable internal freshwater resources per capita , Rural land area , Rural land area where elevation is below 5 meters , Rural population living in areas where elevation is below 5 meters , Surface area , Terrestrial and marine protected areas , Terrestrial protected areas , Total fisheries production , Total natural resources rents , Urban land area , Urban land area where elevation is below 5 meters , Urban population living in areas where elevation is below 5 meters Methodology - Registry Source : Last updated at : ######## License - Creative Commons Attribution International CC-BY environment_indicators_for_greenland_1 country_name Country Name string # string country_name country_iso3 Country ISO3 string # string country_iso3 year Year gyear # gYear year indicator_name Indicator Name string # string indicator_name indicator_code Indicator Code string # string indicator_code value Value number # decimal value data/environment_indicators_for_greenland_1.csv csv original/environment-indicators-for-greenland-1.csv original/environment-indicators-for-greenland-1.csv csv text/csv 211273 environment hxl indicators greenland","entity_pair","NA","This approach is useful for complementing @ENVIRONMENT$ networks in countries with great biodiversity , insufficient biological information , and limited resources for @PHENOMENA$ ."
"@ORGANISM$ with more restricted distributions were more likely to show high @PHENOMENA$ vulnerability than widespread species .","entity_pair","INFLUENCE","Conclusions Given the important role that both @ORGANISM$ and earthworms play in structuring plant communities the implications of belowground-aboveground linkages should more broadly be considered when investigating @PHENOMENA$ effects on ecosystems ."
"@ORGANISM$ with more restricted distributions were more likely to show high @PHENOMENA$ vulnerability than widespread species .","entity_pair","INFLUENCE","Plant Diversity Impacts Decomposition and Herbivory via Changes in Aboveground Arthropods Loss of @ORGANISM$ diversity influences essential @PHENOMENA$ as aboveground productivity , and can have cascading effects on the arthropod communities in adjacent trophic levels ."
"@ORGANISM$ with more restricted distributions were more likely to show high @PHENOMENA$ vulnerability than widespread species .","entity_pair","NA","Relationship between Reproductive Allocation and Relative Abundance among 32 @ORGANISM$ of a Tibetan Alpine Meadow : Effects of Fertilization and @PHENOMENA$ Background Understanding the relationship between species traits and species abundance is an important goal in ecology and biodiversity science ."
"@ORGANISM$ with more restricted distributions were more likely to show high @PHENOMENA$ vulnerability than widespread species .","entity_pair","NA","Each disassembly of a food web resulted in a unique relationship between parasite richness and the richness of free-living @ORGANISM$ , because the @PHENOMENA$ trajectory of parasites was sensitive to the order of extinctions of free-living species ."
"@ORGANISM$ with more restricted distributions were more likely to show high @PHENOMENA$ vulnerability than widespread species .","entity_pair","NA","Similarly , modern ecosystems , in which invasive @ORGANISM$ are rampant , may be expected to exhibit similar shutdown of @PHENOMENA$ by vicariance as an outcome of the modern biodiversity crisis ."
"For example , measuring the physiological drought tolerance of plants has increased the predictability of differences among species in their ability to survive drought as well as the @QUALITY$ of @ORGANISM$ within and among ecosystems .","entity_pair","HAVE","We measured above- and below-ground carbon stocks as well as the @QUALITY$ of four groups of plants and eight of @ORGANISM$ on 14 representative plots in Sulawesi , Indonesia , ranging from natural rainforest to cacao agroforests that have replaced former natural forest ."
"For example , measuring the physiological drought tolerance of plants has increased the predictability of differences among species in their ability to survive drought as well as the @QUALITY$ of @ORGANISM$ within and among ecosystems .","entity_pair","INFLUENCE","Using a combination of @QUALITY$ analyses , metagenomics , and whole-genome sequencing , we reveal that the fungus garden microbiome of leaf-cutter @ORGANISM$ is composed of a diverse community of bacteria with high plant biomass-degrading capacity ."
"For example , measuring the physiological drought tolerance of plants has increased the predictability of differences among species in their ability to survive drought as well as the @QUALITY$ of @ORGANISM$ within and among ecosystems .","entity_pair","NA","Here we analyse patterns of marine mammal @QUALITY$ based on predictions of global distributional ranges for 115 @ORGANISM$ , including all extant pinnipeds and cetaceans ."
"For example , measuring the physiological drought tolerance of plants has increased the predictability of differences among species in their ability to survive drought as well as the @QUALITY$ of @ORGANISM$ within and among ecosystems .","entity_pair","NA","We tested speciesspecific differences of crown area , @QUALITY$ and stem inclination using a mixed effects model with @ORGANISM$ as fixed effect and plot as random effect ."
"For example , measuring the physiological drought tolerance of plants has increased the predictability of differences among species in their ability to survive drought as well as the @QUALITY$ of @ORGANISM$ within and among ecosystems .","entity_pair","NA","Mind that the azimuth may have to be corrected given the date and location , since it depends on the magnetic field of the earth.CSP metal tag number ( trees , woody debris ) ; Datagroup description : CSP metal tag number ( trees , @QUALITY$ debris ) ; Datagroup description : CSP @ORGANISM$ individuals were marked mostly with metal tags but also additional tags were used ."
"city-of-ny_fuhs-xmg2 Urban @ENVIRONMENT$ Ranger @ORGANISM$ Condition Response This dataset contains information about requests for animal assistance , relocation , and/or rescue completed by the ...","entity_pair","HAVE","There is no enhancement of biological productivity over the MAR ; @ENVIRONMENT$ @ORGANISM$ are replaced by benthic fauna otherwise unable to survive in the mid ocean ."
"city-of-ny_fuhs-xmg2 Urban @ENVIRONMENT$ Ranger @ORGANISM$ Condition Response This dataset contains information about requests for animal assistance , relocation , and/or rescue completed by the ...","entity_pair","OCCUR_IN","We draw on a spatially-replicated dataset on Atlantic forest small mammals , consisting of 16 sampling sites divided between forests and matrix habitats in each of five 3600-ha landscapes ( varying from 5 % to 45 % @ENVIRONMENT$ cover ) , and on an a priori classification of @ORGANISM$ into habitat requirement categories ( forest specialists , habitat generalists and open-area specialists ) ."
"city-of-ny_fuhs-xmg2 Urban @ENVIRONMENT$ Ranger @ORGANISM$ Condition Response This dataset contains information about requests for animal assistance , relocation , and/or rescue completed by the ...","entity_pair","NA","Here , we employ meta-analysis to provide a quantitative assessment of the effects of changes in land use and land management across a range of successional/extensification transitions ( conventional arable Ã¢â â no or reduced tillage Ã¢â â grassland Ã¢â â @ENVIRONMENT$ ) on community metrics for two functionally important soil taxa , @ORGANISM$ and fungi ."
"city-of-ny_fuhs-xmg2 Urban @ENVIRONMENT$ Ranger @ORGANISM$ Condition Response This dataset contains information about requests for animal assistance , relocation , and/or rescue completed by the ...","entity_pair","NA","In a grassland biodiversity experiment , we addressed this gap by assessing @ENVIRONMENT$ decomposer and herbivore communities and linking their abundance and diversity to rates of decomposition and @ORGANISM$ ."
"city-of-ny_fuhs-xmg2 Urban @ENVIRONMENT$ Ranger @ORGANISM$ Condition Response This dataset contains information about requests for animal assistance , relocation , and/or rescue completed by the ...","entity_pair","NA","Restoring stable @ENVIRONMENT$ functions also requires multiple @ORGANISM$ ."
"Indicators : Access to clean fuels and technologies for cooking , Access to electricity , Adjusted net savings , Adjusted savings , Agricultural land , Agricultural methane emissions , Agricultural nitrous oxide emissions , Annual freshwater withdrawals , Aquaculture production , Arable land , Average precipitation in depth , Bird species , CO2 emissions , CO2 emissions from electricity and heat production , CO2 emissions from gaseous fuel consumption , CO2 emissions from liquid fuel consumption , CO2 emissions from manufacturing industries and construction , CO2 emissions from other sectors , CO2 emissions from residential buildings and commercial and public services , CO2 emissions from solid fuel consumption , CO2 emissions from transport , CO2 intensity , Capture fisheries production , Coal rents , Droughts , Electricity production from oil , Electricity production from renewable sources , Energy intensity level of primary energy , Energy related methane emissions , Fish species , Forest area , Forest rents , GHG net emissions/removals by LUCF , @PHENOMENA$ , Land area , Land area where elevation is below 5 meters , Mammal species , @ENVIRONMENT$ , Methane emissions , Methane emissions in energy sector , Mineral rents , Mortality rate attributed to household and ambient air pollution , Mortality rate attributed to unintentional poisoning , Mortality rate attributed to unsafe water , Natural gas rents , Nitrous oxide emissions , Nitrous oxide emissions in energy sector , Oil rents , Other greenhouse gas emissions , PFC gas emissions , PM2.5 air pollution , People practicing open defecation , People using at least basic drinking water services , People using at least basic sanitation services , People using safely managed drinking water services , People using safely managed sanitation services , Plant species , Population living in areas where elevation is below 5 meters , Renewable electricity output , Renewable energy consumption , Renewable internal freshwater resources , Renewable internal freshwater resources per capita , Rural land area , Rural land area where elevation is below 5 meters , Rural population living in areas where elevation is below 5 meters , SF6 gas emissions , Surface area , Terrestrial and marine protected areas , Terrestrial protected areas , Total fisheries production , Total greenhouse gas emissions , Total natural resources rents , Urban land area , Urban land area where elevation is below 5 meters , Urban population living in areas where elevation is below 5 meters , Water productivity Methodology - Registry","entity_pair","OCCUR_IN","Sand-filled splash cups were used to study the erosivity of @PHENOMENA$ and throughfall in the @ENVIRONMENT$ of southeast China in spring and summer 2010 ."
"Indicators : Access to clean fuels and technologies for cooking , Access to electricity , Adjusted net savings , Adjusted savings , Agricultural land , Agricultural methane emissions , Agricultural nitrous oxide emissions , Annual freshwater withdrawals , Aquaculture production , Arable land , Average precipitation in depth , Bird species , CO2 emissions , CO2 emissions from electricity and heat production , CO2 emissions from gaseous fuel consumption , CO2 emissions from liquid fuel consumption , CO2 emissions from manufacturing industries and construction , CO2 emissions from other sectors , CO2 emissions from residential buildings and commercial and public services , CO2 emissions from solid fuel consumption , CO2 emissions from transport , CO2 intensity , Capture fisheries production , Coal rents , Droughts , Electricity production from oil , Electricity production from renewable sources , Energy intensity level of primary energy , Energy related methane emissions , Fish species , Forest area , Forest rents , GHG net emissions/removals by LUCF , @PHENOMENA$ , Land area , Land area where elevation is below 5 meters , Mammal species , @ENVIRONMENT$ , Methane emissions , Methane emissions in energy sector , Mineral rents , Mortality rate attributed to household and ambient air pollution , Mortality rate attributed to unintentional poisoning , Mortality rate attributed to unsafe water , Natural gas rents , Nitrous oxide emissions , Nitrous oxide emissions in energy sector , Oil rents , Other greenhouse gas emissions , PFC gas emissions , PM2.5 air pollution , People practicing open defecation , People using at least basic drinking water services , People using at least basic sanitation services , People using safely managed drinking water services , People using safely managed sanitation services , Plant species , Population living in areas where elevation is below 5 meters , Renewable electricity output , Renewable energy consumption , Renewable internal freshwater resources , Renewable internal freshwater resources per capita , Rural land area , Rural land area where elevation is below 5 meters , Rural population living in areas where elevation is below 5 meters , SF6 gas emissions , Surface area , Terrestrial and marine protected areas , Terrestrial protected areas , Total fisheries production , Total greenhouse gas emissions , Total natural resources rents , Urban land area , Urban land area where elevation is below 5 meters , Urban population living in areas where elevation is below 5 meters , Water productivity Methodology - Registry","entity_pair","INFLUENCE","Using monocultures of ten and seven tree species , respectively planted at two different sites , juveniles of all species were grown in their own ( home ) and in all other monocultures ( away ) , thereby testing for distance effect , just as in three different levels of planting density , testing for density effects ( see `` Main Experiment : Seedling addition experiment - growth and biomass data data for further details ) In addition , we repeated a similar set-up in a nearby common garden experiment , where we added a shadow shadow @PHENOMENA$ to simulate different light conditions induced by the @ENVIRONMENT$ ."
"Indicators : Access to clean fuels and technologies for cooking , Access to electricity , Adjusted net savings , Adjusted savings , Agricultural land , Agricultural methane emissions , Agricultural nitrous oxide emissions , Annual freshwater withdrawals , Aquaculture production , Arable land , Average precipitation in depth , Bird species , CO2 emissions , CO2 emissions from electricity and heat production , CO2 emissions from gaseous fuel consumption , CO2 emissions from liquid fuel consumption , CO2 emissions from manufacturing industries and construction , CO2 emissions from other sectors , CO2 emissions from residential buildings and commercial and public services , CO2 emissions from solid fuel consumption , CO2 emissions from transport , CO2 intensity , Capture fisheries production , Coal rents , Droughts , Electricity production from oil , Electricity production from renewable sources , Energy intensity level of primary energy , Energy related methane emissions , Fish species , Forest area , Forest rents , GHG net emissions/removals by LUCF , @PHENOMENA$ , Land area , Land area where elevation is below 5 meters , Mammal species , @ENVIRONMENT$ , Methane emissions , Methane emissions in energy sector , Mineral rents , Mortality rate attributed to household and ambient air pollution , Mortality rate attributed to unintentional poisoning , Mortality rate attributed to unsafe water , Natural gas rents , Nitrous oxide emissions , Nitrous oxide emissions in energy sector , Oil rents , Other greenhouse gas emissions , PFC gas emissions , PM2.5 air pollution , People practicing open defecation , People using at least basic drinking water services , People using at least basic sanitation services , People using safely managed drinking water services , People using safely managed sanitation services , Plant species , Population living in areas where elevation is below 5 meters , Renewable electricity output , Renewable energy consumption , Renewable internal freshwater resources , Renewable internal freshwater resources per capita , Rural land area , Rural land area where elevation is below 5 meters , Rural population living in areas where elevation is below 5 meters , SF6 gas emissions , Surface area , Terrestrial and marine protected areas , Terrestrial protected areas , Total fisheries production , Total greenhouse gas emissions , Total natural resources rents , Urban land area , Urban land area where elevation is below 5 meters , Urban population living in areas where elevation is below 5 meters , Water productivity Methodology - Registry","entity_pair","NA","Indicators : Access to electricity , Adjusted savings , Agricultural land , Agricultural methane emissions , Agricultural nitrous oxide emissions , Arable land , Bird species , CO2 emissions , CO2 emissions from gaseous fuel consumption , CO2 emissions from liquid fuel consumption , CO2 emissions from solid fuel consumption , Capture fisheries production , Coal rents , @PHENOMENA$ , Fish species , Forest area , Forest rents , Land area , @ENVIRONMENT$ where elevation is below 5 meters , Mammal species , Marine protected areas , Methane emissions , Methane emissions in energy sector , Mineral rents , Natural gas rents , Nitrous oxide emissions , Nitrous oxide emissions in energy sector , Oil rents , PM2.5 air pollution , People practicing open defecation , People using at least basic drinking water services , People using at least basic sanitation services , People using safely managed drinking water services , People using safely managed sanitation services , Plant species , Population living in areas where elevation is below 5 meters , Renewable electricity output , Renewable energy consumption , Renewable internal freshwater resources , Renewable internal freshwater resources per capita , Rural land area , Rural land area where elevation is below 5 meters , Rural population living in areas where elevation is below 5 meters , Surface area , Terrestrial and marine protected areas , Terrestrial protected areas , Total fisheries production , Total natural resources rents , Urban land area , Urban land area where elevation is below 5 meters , Urban population living in areas where elevation is below 5 meters Methodology - Registry Source : Last updated at : ######## License - Creative Commons Attribution International CC-BY environment_indicators_for_greenland_1 country_name Country Name string # string country_name country_iso3 Country ISO3 string # string country_iso3 year Year gyear # gYear year indicator_name Indicator Name string # string indicator_name indicator_code Indicator Code string # string indicator_code value Value number # decimal value data/environment_indicators_for_greenland_1.csv csv original/environment-indicators-for-greenland-1.csv original/environment-indicators-for-greenland-1.csv csv text/csv 211273 environment hxl indicators greenland"
"Indicators : Access to clean fuels and technologies for cooking , Access to electricity , Adjusted net savings , Adjusted savings , Agricultural land , Agricultural methane emissions , Agricultural nitrous oxide emissions , Annual freshwater withdrawals , Aquaculture production , Arable land , Average precipitation in depth , Bird species , CO2 emissions , CO2 emissions from electricity and heat production , CO2 emissions from gaseous fuel consumption , CO2 emissions from liquid fuel consumption , CO2 emissions from manufacturing industries and construction , CO2 emissions from other sectors , CO2 emissions from residential buildings and commercial and public services , CO2 emissions from solid fuel consumption , CO2 emissions from transport , CO2 intensity , Capture fisheries production , Coal rents , Droughts , Electricity production from oil , Electricity production from renewable sources , Energy intensity level of primary energy , Energy related methane emissions , Fish species , Forest area , Forest rents , GHG net emissions/removals by LUCF , @PHENOMENA$ , Land area , Land area where elevation is below 5 meters , Mammal species , @ENVIRONMENT$ , Methane emissions , Methane emissions in energy sector , Mineral rents , Mortality rate attributed to household and ambient air pollution , Mortality rate attributed to unintentional poisoning , Mortality rate attributed to unsafe water , Natural gas rents , Nitrous oxide emissions , Nitrous oxide emissions in energy sector , Oil rents , Other greenhouse gas emissions , PFC gas emissions , PM2.5 air pollution , People practicing open defecation , People using at least basic drinking water services , People using at least basic sanitation services , People using safely managed drinking water services , People using safely managed sanitation services , Plant species , Population living in areas where elevation is below 5 meters , Renewable electricity output , Renewable energy consumption , Renewable internal freshwater resources , Renewable internal freshwater resources per capita , Rural land area , Rural land area where elevation is below 5 meters , Rural population living in areas where elevation is below 5 meters , SF6 gas emissions , Surface area , Terrestrial and marine protected areas , Terrestrial protected areas , Total fisheries production , Total greenhouse gas emissions , Total natural resources rents , Urban land area , Urban land area where elevation is below 5 meters , Urban population living in areas where elevation is below 5 meters , Water productivity Methodology - Registry","entity_pair","NA","Source : Last updated at : ######## [ More about U.S. Government Works ] ( Public Domain us_isobioclimate_1km_dd83_img_vat value Value number # decimal value count Count number # decimal count red Red number # decimal red green Green number # decimal green blue Blue number # decimal blue opacity Opacity number # decimal opacity data/us_isobioclimate_1km_dd83_img_vat.csv csv original/pdf-file-5.pdf original/pdf-file-5.pdf pdf application/pdf 49486360 original/resource_links.md original/resource_links.md md text/markdown 309 original/us_isobioclimate_1km_dd83.img original/us_isobioclimate_1km_dd83.img img application/x-erdas-hfa 21365980 original/us_isobioclimate_1km_dd83.img.vat.dbf original/us_isobioclimate_1km_dd83.img.vat.dbf dbf application/dbf 13666 original/us_isobioclimate_1km_dd83.rrd original/us_isobioclimate_1km_dd83.rrd rrd application/x-erdas-hfa 2004825 original/us_lithology_1km_dd83.img original/us_lithology_1km_dd83.img img application/x-erdas-hfa 18698983 original/us_lithology_1km_dd83.rrd original/us_lithology_1km_dd83.rrd rrd application/x-erdas-hfa 1733048 @PHENOMENA$ @ENVIRONMENT$ environment geo geoss texture thickness usgs"
"Indicators : Access to clean fuels and technologies for cooking , Access to electricity , Adjusted net savings , Adjusted savings , Agricultural land , Agricultural methane emissions , Agricultural nitrous oxide emissions , Annual freshwater withdrawals , Aquaculture production , Arable land , Average precipitation in depth , Bird species , CO2 emissions , CO2 emissions from electricity and heat production , CO2 emissions from gaseous fuel consumption , CO2 emissions from liquid fuel consumption , CO2 emissions from manufacturing industries and construction , CO2 emissions from other sectors , CO2 emissions from residential buildings and commercial and public services , CO2 emissions from solid fuel consumption , CO2 emissions from transport , CO2 intensity , Capture fisheries production , Coal rents , Droughts , Electricity production from oil , Electricity production from renewable sources , Energy intensity level of primary energy , Energy related methane emissions , Fish species , Forest area , Forest rents , GHG net emissions/removals by LUCF , @PHENOMENA$ , Land area , Land area where elevation is below 5 meters , Mammal species , @ENVIRONMENT$ , Methane emissions , Methane emissions in energy sector , Mineral rents , Mortality rate attributed to household and ambient air pollution , Mortality rate attributed to unintentional poisoning , Mortality rate attributed to unsafe water , Natural gas rents , Nitrous oxide emissions , Nitrous oxide emissions in energy sector , Oil rents , Other greenhouse gas emissions , PFC gas emissions , PM2.5 air pollution , People practicing open defecation , People using at least basic drinking water services , People using at least basic sanitation services , People using safely managed drinking water services , People using safely managed sanitation services , Plant species , Population living in areas where elevation is below 5 meters , Renewable electricity output , Renewable energy consumption , Renewable internal freshwater resources , Renewable internal freshwater resources per capita , Rural land area , Rural land area where elevation is below 5 meters , Rural population living in areas where elevation is below 5 meters , SF6 gas emissions , Surface area , Terrestrial and marine protected areas , Terrestrial protected areas , Total fisheries production , Total greenhouse gas emissions , Total natural resources rents , Urban land area , Urban land area where elevation is below 5 meters , Urban population living in areas where elevation is below 5 meters , Water productivity Methodology - Registry","entity_pair","NA","Indicators : Access to clean fuels and technologies for cooking , Access to electricity , Adjusted net savings , Adjusted savings , Agricultural land , Agricultural methane emissions , Agricultural nitrous oxide emissions , Annual freshwater withdrawals , @PHENOMENA$ , @ENVIRONMENT$ , Average precipitation in depth , Bird species , CO2 emissions , CO2 emissions from electricity and heat production , CO2 emissions from gaseous fuel consumption , CO2 emissions from liquid fuel consumption , CO2 emissions from manufacturing industries and construction , CO2 emissions from other sectors , CO2 emissions from residential buildings and commercial and public services , CO2 emissions from solid fuel consumption , CO2 emissions from transport , CO2 intensity , Capture fisheries production , Coal rents , Disaster risk reduction progress score , Droughts , Electricity production from oil , Electricity production from renewable sources , Energy intensity level of primary energy , Energy related methane emissions , Fish species , Forest area , Forest rents , GHG net emissions/removals by LUCF , HFC gas emissions , Land area , Land area where elevation is below 5 meters , Mammal species , Marine protected areas , Methane emissions , Methane emissions in energy sector , Mineral rents , Mortality rate attributed to household and ambient air pollution , Mortality rate attributed to unintentional poisoning , Mortality rate attributed to unsafe water , Natural gas rents , Nitrous oxide emissions , Nitrous oxide emissions in energy sector , Oil rents , Other greenhouse gas emissions , PFC gas emissions , PM2.5 air pollution , People practicing open defecation , People using at least basic drinking water services , People using at least basic sanitation services , People using safely managed drinking water services , People using safely managed sanitation services , People with basic handwashing facilities including soap and water , Plant species , Population living in areas where elevation is below 5 meters , Population living in slums , Renewable electricity output , Renewable energy consumption , Renewable internal freshwater resources , Renewable internal freshwater resources per capita , Rural land area , Rural land area where elevation is below 5 meters , Rural population living in areas where elevation is below 5 meters , SF6 gas emissions , Surface area , Terrestrial and marine protected areas , Terrestrial protected areas , Total fisheries production , Total greenhouse gas emissions , Total natural resources rents , Urban land area , Urban land area where elevation is below 5 meters , Urban population living in areas where elevation is below 5 meters , Water productivity Methodology - Registry Source : Last updated at : ######## License - Creative Commons Attribution International CC-BY environment_indicators_for_india_1 country_name Country Name string # string country_name country_iso3 Country ISO3 string # string country_iso3 year Year gyear # gYear year indicator_name Indicator Name string # string indicator_name indicator_code Indicator Code string # string indicator_code value Value number # decimal value data/environment_indicators_for_india_1.csv csv original/environment-indicators-for-india-1.csv original/environment-indicators-for-india-1.csv csv text/csv 375066 environment hxl indicators india"
"( CSP15 : BEF research plot where the @QUALITY$ of @ORGANISM$ x is estimated ) dimensionless real Abundance Number of individuals determined for the respective category .","entity_pair","HAVE","We measured above- and below-ground carbon stocks as well as the @QUALITY$ of four groups of plants and eight of @ORGANISM$ on 14 representative plots in Sulawesi , Indonesia , ranging from natural rainforest to cacao agroforests that have replaced former natural forest ."
"( CSP15 : BEF research plot where the @QUALITY$ of @ORGANISM$ x is estimated ) dimensionless real Abundance Number of individuals determined for the respective category .","entity_pair","INFLUENCE","Using a combination of @QUALITY$ analyses , metagenomics , and whole-genome sequencing , we reveal that the fungus garden microbiome of leaf-cutter @ORGANISM$ is composed of a diverse community of bacteria with high plant biomass-degrading capacity ."
"( CSP15 : BEF research plot where the @QUALITY$ of @ORGANISM$ x is estimated ) dimensionless real Abundance Number of individuals determined for the respective category .","entity_pair","NA","Here we analyse patterns of marine mammal @QUALITY$ based on predictions of global distributional ranges for 115 @ORGANISM$ , including all extant pinnipeds and cetaceans ."
"( CSP15 : BEF research plot where the @QUALITY$ of @ORGANISM$ x is estimated ) dimensionless real Abundance Number of individuals determined for the respective category .","entity_pair","NA","We tested speciesspecific differences of crown area , @QUALITY$ and stem inclination using a mixed effects model with @ORGANISM$ as fixed effect and plot as random effect ."
"( CSP15 : BEF research plot where the @QUALITY$ of @ORGANISM$ x is estimated ) dimensionless real Abundance Number of individuals determined for the respective category .","entity_pair","NA","Mind that the azimuth may have to be corrected given the date and location , since it depends on the magnetic field of the earth.CSP metal tag number ( trees , woody debris ) ; Datagroup description : CSP metal tag number ( trees , @QUALITY$ debris ) ; Datagroup description : CSP @ORGANISM$ individuals were marked mostly with metal tags but also additional tags were used ."
"Here we explore contemporary anthropogenic global patterns in vascular plant @QUALITY$ at regional landscape scales by combining spatially explicit models and estimates for native @ORGANISM$ loss together with gains in exotics caused by species invasions and the introduction of agricultural domesticates and ornamental exotic plants .","entity_pair","HAVE","We measured above- and below-ground carbon stocks as well as the @QUALITY$ of four groups of plants and eight of @ORGANISM$ on 14 representative plots in Sulawesi , Indonesia , ranging from natural rainforest to cacao agroforests that have replaced former natural forest ."
"Here we explore contemporary anthropogenic global patterns in vascular plant @QUALITY$ at regional landscape scales by combining spatially explicit models and estimates for native @ORGANISM$ loss together with gains in exotics caused by species invasions and the introduction of agricultural domesticates and ornamental exotic plants .","entity_pair","INFLUENCE","Using a combination of @QUALITY$ analyses , metagenomics , and whole-genome sequencing , we reveal that the fungus garden microbiome of leaf-cutter @ORGANISM$ is composed of a diverse community of bacteria with high plant biomass-degrading capacity ."
"Here we explore contemporary anthropogenic global patterns in vascular plant @QUALITY$ at regional landscape scales by combining spatially explicit models and estimates for native @ORGANISM$ loss together with gains in exotics caused by species invasions and the introduction of agricultural domesticates and ornamental exotic plants .","entity_pair","NA","Here we analyse patterns of marine mammal @QUALITY$ based on predictions of global distributional ranges for 115 @ORGANISM$ , including all extant pinnipeds and cetaceans ."
"Here we explore contemporary anthropogenic global patterns in vascular plant @QUALITY$ at regional landscape scales by combining spatially explicit models and estimates for native @ORGANISM$ loss together with gains in exotics caused by species invasions and the introduction of agricultural domesticates and ornamental exotic plants .","entity_pair","NA","We tested speciesspecific differences of crown area , @QUALITY$ and stem inclination using a mixed effects model with @ORGANISM$ as fixed effect and plot as random effect ."
"Here we explore contemporary anthropogenic global patterns in vascular plant @QUALITY$ at regional landscape scales by combining spatially explicit models and estimates for native @ORGANISM$ loss together with gains in exotics caused by species invasions and the introduction of agricultural domesticates and ornamental exotic plants .","entity_pair","NA","Mind that the azimuth may have to be corrected given the date and location , since it depends on the magnetic field of the earth.CSP metal tag number ( trees , woody debris ) ; Datagroup description : CSP metal tag number ( trees , @QUALITY$ debris ) ; Datagroup description : CSP @ORGANISM$ individuals were marked mostly with metal tags but also additional tags were used ."
"In a mesocosm study we manipulated plant functional diversity based on the multi-trait Functional Diversity ( FD ) #NAME? of Petchey and Gaston by using database data of seven functional @QUALITY$ and information on the origin of the @ORGANISM$ in terms of being native or exotic .","entity_pair","HAVE","We measured above- and below-ground carbon stocks as well as the @QUALITY$ of four groups of plants and eight of @ORGANISM$ on 14 representative plots in Sulawesi , Indonesia , ranging from natural rainforest to cacao agroforests that have replaced former natural forest ."
"In a mesocosm study we manipulated plant functional diversity based on the multi-trait Functional Diversity ( FD ) #NAME? of Petchey and Gaston by using database data of seven functional @QUALITY$ and information on the origin of the @ORGANISM$ in terms of being native or exotic .","entity_pair","INFLUENCE","Using a combination of @QUALITY$ analyses , metagenomics , and whole-genome sequencing , we reveal that the fungus garden microbiome of leaf-cutter @ORGANISM$ is composed of a diverse community of bacteria with high plant biomass-degrading capacity ."
"In a mesocosm study we manipulated plant functional diversity based on the multi-trait Functional Diversity ( FD ) #NAME? of Petchey and Gaston by using database data of seven functional @QUALITY$ and information on the origin of the @ORGANISM$ in terms of being native or exotic .","entity_pair","NA","Here we analyse patterns of marine mammal @QUALITY$ based on predictions of global distributional ranges for 115 @ORGANISM$ , including all extant pinnipeds and cetaceans ."
"In a mesocosm study we manipulated plant functional diversity based on the multi-trait Functional Diversity ( FD ) #NAME? of Petchey and Gaston by using database data of seven functional @QUALITY$ and information on the origin of the @ORGANISM$ in terms of being native or exotic .","entity_pair","NA","We tested speciesspecific differences of crown area , @QUALITY$ and stem inclination using a mixed effects model with @ORGANISM$ as fixed effect and plot as random effect ."
"In a mesocosm study we manipulated plant functional diversity based on the multi-trait Functional Diversity ( FD ) #NAME? of Petchey and Gaston by using database data of seven functional @QUALITY$ and information on the origin of the @ORGANISM$ in terms of being native or exotic .","entity_pair","NA","Mind that the azimuth may have to be corrected given the date and location , since it depends on the magnetic field of the earth.CSP metal tag number ( trees , woody debris ) ; Datagroup description : CSP metal tag number ( trees , @QUALITY$ debris ) ; Datagroup description : CSP @ORGANISM$ individuals were marked mostly with metal tags but also additional tags were used ."
"end date of the event Helper ( event_mm_bo ) , millimeter event_mm_bo Helper column to understand other columns in this data set ( event_mm_bo : rainfall amount as measured by the rainfall collecting bottle ; copied from the rainfall event overview ) Helper column to understand other columns in this data set Helper Helper column to understand other columns in this data set rainfall amount as measured by the rainfall collecting bottle ; copied from the rainfall event overview Helper ( event_mm_va ) , millimeter event_mm_va Helper column to understand other columns in this data set ( event_mm_va : rainfall amount as measured by the Vaisala sensor ; copied from the rainfall event overview ) Helper column to understand other columns in this data set Helper Helper column to understand other columns in this data set rainfall amount as measured by the Vaisala sensor ; copied from the rainfall event overview Helper ( event_mm_tb ) , millimeter event_mm_tb Helper column to understand other columns in this data set ( event_mm_tb : rainfall amount as measured by the tipping bucket rain gauge ; copied from the rainfall event overview ) Helper column to understand other columns in this data set Helper Helper column to understand other columns in this data set @QUALITY$ as measured by the tipping bucket rain gauge ; copied from the @PHENOMENA$ overview Splashcup position ( position_scb ) , position_scb Categories with `` P P and a number indicate splashcups installed in the Main Experimental set up .","entity_pair","INFLUENCE","Our meta-analysis shows a significant decline of the diversity and @QUALITY$ invertebrates in response to @PHENOMENA$ with anecic and endogeic earthworms causing the strongest effects . ."
"end date of the event Helper ( event_mm_bo ) , millimeter event_mm_bo Helper column to understand other columns in this data set ( event_mm_bo : rainfall amount as measured by the rainfall collecting bottle ; copied from the rainfall event overview ) Helper column to understand other columns in this data set Helper Helper column to understand other columns in this data set rainfall amount as measured by the rainfall collecting bottle ; copied from the rainfall event overview Helper ( event_mm_va ) , millimeter event_mm_va Helper column to understand other columns in this data set ( event_mm_va : rainfall amount as measured by the Vaisala sensor ; copied from the rainfall event overview ) Helper column to understand other columns in this data set Helper Helper column to understand other columns in this data set rainfall amount as measured by the Vaisala sensor ; copied from the rainfall event overview Helper ( event_mm_tb ) , millimeter event_mm_tb Helper column to understand other columns in this data set ( event_mm_tb : rainfall amount as measured by the tipping bucket rain gauge ; copied from the rainfall event overview ) Helper column to understand other columns in this data set Helper Helper column to understand other columns in this data set @QUALITY$ as measured by the tipping bucket rain gauge ; copied from the @PHENOMENA$ overview Splashcup position ( position_scb ) , position_scb Categories with `` P P and a number indicate splashcups installed in the Main Experimental set up .","entity_pair","HAVE","-- - The climate at Gutianshan NNR is warm and @QUALITY$ with a @PHENOMENA$ in November and December and with warm summers ( Fig ."
"end date of the event Helper ( event_mm_bo ) , millimeter event_mm_bo Helper column to understand other columns in this data set ( event_mm_bo : rainfall amount as measured by the rainfall collecting bottle ; copied from the rainfall event overview ) Helper column to understand other columns in this data set Helper Helper column to understand other columns in this data set rainfall amount as measured by the rainfall collecting bottle ; copied from the rainfall event overview Helper ( event_mm_va ) , millimeter event_mm_va Helper column to understand other columns in this data set ( event_mm_va : rainfall amount as measured by the Vaisala sensor ; copied from the rainfall event overview ) Helper column to understand other columns in this data set Helper Helper column to understand other columns in this data set rainfall amount as measured by the Vaisala sensor ; copied from the rainfall event overview Helper ( event_mm_tb ) , millimeter event_mm_tb Helper column to understand other columns in this data set ( event_mm_tb : rainfall amount as measured by the tipping bucket rain gauge ; copied from the rainfall event overview ) Helper column to understand other columns in this data set Helper Helper column to understand other columns in this data set @QUALITY$ as measured by the tipping bucket rain gauge ; copied from the @PHENOMENA$ overview Splashcup position ( position_scb ) , position_scb Categories with `` P P and a number indicate splashcups installed in the Main Experimental set up .","entity_pair","NA","Ways to quantify precipitation : rainfall amount open field ( collecting bottle ) mmmeasured by a rainfall collecting bottle ; rainfall amount open field ( vaisala ) mmmeasured by the vaisala sensor -- - average rainfall intensity open field ( vaisala ) mm/hmeasured by the vaisala sensor -- - peak rainfall intensity open field ( vaisala ) mm/hmeasured by the vaisala sensor -- - average of the five highest five minute intensities open field ( vaisala ) measured by the vaisala sensor -- - rainfall amount ( tipping-bucket ) mmmeasured by the tipping-bucket rain gauge -- - average rainfall intensity ( tipping-bucket ) mm/hmeasured by the tipping-bucket rain gauge -- - @QUALITY$ ( tipping-bucket ) mm/hmeasured by the tipping-bucket rain gauge ( thoughfall_mm : Throughfall as measured by the @PHENOMENA$ collecting bottles ) millimeter real Precipitation Precipitation measured at the climate station or locally within sites ."
"end date of the event Helper ( event_mm_bo ) , millimeter event_mm_bo Helper column to understand other columns in this data set ( event_mm_bo : rainfall amount as measured by the rainfall collecting bottle ; copied from the rainfall event overview ) Helper column to understand other columns in this data set Helper Helper column to understand other columns in this data set rainfall amount as measured by the rainfall collecting bottle ; copied from the rainfall event overview Helper ( event_mm_va ) , millimeter event_mm_va Helper column to understand other columns in this data set ( event_mm_va : rainfall amount as measured by the Vaisala sensor ; copied from the rainfall event overview ) Helper column to understand other columns in this data set Helper Helper column to understand other columns in this data set rainfall amount as measured by the Vaisala sensor ; copied from the rainfall event overview Helper ( event_mm_tb ) , millimeter event_mm_tb Helper column to understand other columns in this data set ( event_mm_tb : rainfall amount as measured by the tipping bucket rain gauge ; copied from the rainfall event overview ) Helper column to understand other columns in this data set Helper Helper column to understand other columns in this data set @QUALITY$ as measured by the tipping bucket rain gauge ; copied from the @PHENOMENA$ overview Splashcup position ( position_scb ) , position_scb Categories with `` P P and a number indicate splashcups installed in the Main Experimental set up .","entity_pair","NA","Policies that promote @QUALITY$ efficiency or conservation in the electric sector would reduce water withdrawn/manipulated by 27Ã¢â¬â36 m3GJÃ¢Ëâ1 ( 0.1Ã¢â¬â0.5 m3GJÃ¢Ëâ1 @PHENOMENA$ ) , while such policies in the liquid fuel sector would reduce withdrawal/manipulation by 0.4Ã¢â¬â0.7 m3GJÃ¢Ëâ1 ( 0.2Ã¢â¬â0.3 m3GJÃ¢Ëâ1 consumption ) ."
"end date of the event Helper ( event_mm_bo ) , millimeter event_mm_bo Helper column to understand other columns in this data set ( event_mm_bo : rainfall amount as measured by the rainfall collecting bottle ; copied from the rainfall event overview ) Helper column to understand other columns in this data set Helper Helper column to understand other columns in this data set rainfall amount as measured by the rainfall collecting bottle ; copied from the rainfall event overview Helper ( event_mm_va ) , millimeter event_mm_va Helper column to understand other columns in this data set ( event_mm_va : rainfall amount as measured by the Vaisala sensor ; copied from the rainfall event overview ) Helper column to understand other columns in this data set Helper Helper column to understand other columns in this data set rainfall amount as measured by the Vaisala sensor ; copied from the rainfall event overview Helper ( event_mm_tb ) , millimeter event_mm_tb Helper column to understand other columns in this data set ( event_mm_tb : rainfall amount as measured by the tipping bucket rain gauge ; copied from the rainfall event overview ) Helper column to understand other columns in this data set Helper Helper column to understand other columns in this data set @QUALITY$ as measured by the tipping bucket rain gauge ; copied from the @PHENOMENA$ overview Splashcup position ( position_scb ) , position_scb Categories with `` P P and a number indicate splashcups installed in the Main Experimental set up .","entity_pair","NA","Objectives were : Collect soil samples via stratified random sampling for composition analysis ; consult horticultural specialists to determine the best locations to outplant specific native plant species ; propagate 3 native Hawaiian plant species ( Cyperus pennatiformes , Chenopodium oahuense , Santalum ellipticum ) on Laysan Island in abundance and out-plant in the recommended @QUALITY$ during the @PHENOMENA$ of 2012 to test horticulturist recommendations ."
"Historical water use by the energy sector is related to patterns of fish species endangerment , where @MATTER$ resource regions with a greater fraction of available surface water withdrawn by hydropower or consumed by the @QUALITY$ sector correlated with higher probabilities of imperilment .","entity_pair","INFLUENCE","Features of @MATTER$ / Primary constituents / Hand texture ( fine earth ) : @QUALITY$ II ; hand_text48 Soil description ( according to `` Bodenkundliche Kartieranleitung Kartieranleitung ) ( rock_artefacts49 ) , rock_artefacts49 Basic information on soil properties , according to `` Eckelmann , W. , Sponagel , H. , Grottenthaler , W. , Hartmann , J. K. , Hartwich , R. , Janetzko , P. , ... & Traidl , R. ( 2005 ) ."
"Historical water use by the energy sector is related to patterns of fish species endangerment , where @MATTER$ resource regions with a greater fraction of available surface water withdrawn by hydropower or consumed by the @QUALITY$ sector correlated with higher probabilities of imperilment .","entity_pair","HAVE","medium sand : 630-200ÃŽÂ¼m sieves and KÃƒÂ¶hn pipette , drying oven , balance Grain size distribution ( fsa ) , ... fsa Wikipedia on soil classification : Engineers , typically geotechnical engineers , classify @MATTER$ according to their @QUALITY$ as they relate to use for foundation support or building material ."
"Historical water use by the energy sector is related to patterns of fish species endangerment , where @MATTER$ resource regions with a greater fraction of available surface water withdrawn by hydropower or consumed by the @QUALITY$ sector correlated with higher probabilities of imperilment .","entity_pair","NA","Indicators : Access to clean fuels and technologies for cooking , Access to electricity , Adjusted net savings , Adjusted savings , Agricultural land , Agricultural methane emissions , Agricultural nitrous oxide emissions , Annual freshwater withdrawals , Aquaculture production , Arable land , Average precipitation in depth , Bird species , CO2 emissions , CO2 emissions from electricity and heat production , CO2 emissions from gaseous fuel consumption , CO2 emissions from liquid fuel consumption , CO2 emissions from manufacturing industries and construction , CO2 emissions from other sectors , CO2 emissions from residential buildings and commercial and public services , CO2 emissions from solid fuel consumption , CO2 emissions from transport , CO2 intensity , Capture fisheries production , Coal rents , Disaster risk reduction progress score , Droughts , Electricity production from oil , Electricity production from renewable sources , Energy intensity level of primary energy , Energy related methane emissions , Fish species , Forest area , Forest rents , GHG net emissions/removals by LUCF , HFC gas emissions , Land area , Land area where elevation is below 5 meters , Mammal species , Marine protected areas , Methane emissions , Methane emissions in energy sector , Mineral rents , Mortality rate attributed to household and ambient air pollution , Mortality rate attributed to unintentional poisoning , Mortality rate attributed to unsafe water , Natural gas rents , Nitrous oxide emissions , Nitrous oxide emissions in energy sector , Oil rents , Other greenhouse gas emissions , PFC gas emissions , PM2.5 air pollution , People practicing open defecation , People using at least basic drinking water services , People using at least basic sanitation services , People using safely managed drinking water services , People using safely managed sanitation services , People with basic handwashing facilities including soap and water , Plant species , Population living in areas where elevation is below 5 meters , Population living in slums , Renewable electricity output , Renewable energy consumption , Renewable internal freshwater resources , Renewable internal freshwater resources per capita , Rural land area , Rural land area where elevation is below 5 meters , Rural population living in areas where elevation is below 5 meters , SF6 gas emissions , Surface area , Terrestrial and marine protected areas , Terrestrial protected areas , Total fisheries production , Total greenhouse @MATTER$ emissions , Total natural resources rents , Urban @QUALITY$ , Urban land area where elevation is below 5 meters , Urban population living in areas where elevation is below 5 meters , Water productivity Methodology - Registry Source : Last updated at : ######## License - Creative Commons Attribution International CC-BY environment_indicators_for_india_1 country_name Country Name string # string country_name country_iso3 Country ISO3 string # string country_iso3 year Year gyear # gYear year indicator_name Indicator Name string # string indicator_name indicator_code Indicator Code string # string indicator_code value Value number # decimal value data/environment_indicators_for_india_1.csv csv original/environment-indicators-for-india-1.csv original/environment-indicators-for-india-1.csv csv text/csv 375066 environment hxl indicators india"
"Historical water use by the energy sector is related to patterns of fish species endangerment , where @MATTER$ resource regions with a greater fraction of available surface water withdrawn by hydropower or consumed by the @QUALITY$ sector correlated with higher probabilities of imperilment .","entity_pair","NA","For example , increasing earthworm abundances and functional group composition were shown to be positively correlated with @MATTER$ infiltration rate ( dependent on tillage regime and habitat characteristics ) ; while positive changes in @QUALITY$ measures were positively associated with soil microaggregate stability ."
"Historical water use by the energy sector is related to patterns of fish species endangerment , where @MATTER$ resource regions with a greater fraction of available surface water withdrawn by hydropower or consumed by the @QUALITY$ sector correlated with higher probabilities of imperilment .","entity_pair","NA","pH ( @MATTER$ ) is the current @QUALITY$ ."
"Ways to quantify precipitation : rainfall amount open field ( collecting bottle ) mmmeasured by a @PHENOMENA$ collecting bottle ; rainfall amount open field ( vaisala ) mmmeasured by the vaisala sensor -- - @QUALITY$ open field ( vaisala ) mm/hmeasured by the vaisala sensor -- - peak rainfall intensity open field ( vaisala ) mm/hmeasured by the vaisala sensor -- - average of the five highest five minute intensities open field ( vaisala ) measured by the vaisala sensor -- - rainfall amount ( tipping-bucket ) mmmeasured by the tipping-bucket rain gauge -- - average rainfall intensity ( tipping-bucket ) mm/hmeasured by the tipping-bucket rain gauge -- - peak rainfall intensity ( tipping-bucket ) mm/hmeasured by the tipping-bucket rain gauge ( am_b : rainfall amount open field ( collecting bottle ) mm -- rainfall amount ( collecting bottle ) -- measured by a rainfall collecting bottle ) millimeter real Precipitation Precipitation measured at the climate station or locally within sites .","entity_pair","INFLUENCE","Overall , positive net biodiversity effects were strongest during @PHENOMENA$ and increased with increasing @QUALITY$ of neighbours ."
"Ways to quantify precipitation : rainfall amount open field ( collecting bottle ) mmmeasured by a @PHENOMENA$ collecting bottle ; rainfall amount open field ( vaisala ) mmmeasured by the vaisala sensor -- - @QUALITY$ open field ( vaisala ) mm/hmeasured by the vaisala sensor -- - peak rainfall intensity open field ( vaisala ) mm/hmeasured by the vaisala sensor -- - average of the five highest five minute intensities open field ( vaisala ) measured by the vaisala sensor -- - rainfall amount ( tipping-bucket ) mmmeasured by the tipping-bucket rain gauge -- - average rainfall intensity ( tipping-bucket ) mm/hmeasured by the tipping-bucket rain gauge -- - peak rainfall intensity ( tipping-bucket ) mm/hmeasured by the tipping-bucket rain gauge ( am_b : rainfall amount open field ( collecting bottle ) mm -- rainfall amount ( collecting bottle ) -- measured by a rainfall collecting bottle ) millimeter real Precipitation Precipitation measured at the climate station or locally within sites .","entity_pair","HAVE","Ways to quantify @PHENOMENA$ : @QUALITY$ open field ( collecting bottle ) mmmeasured by a rainfall collecting bottle ; rainfall amount open field ( vaisala ) mmmeasured by the vaisala sensor -- - average rainfall intensity open field ( vaisala ) mm/hmeasured by the vaisala sensor -- - peak rainfall intensity open field ( vaisala ) mm/hmeasured by the vaisala sensor -- - average of the five highest five minute intensities open field ( vaisala ) measured by the vaisala sensor -- - rainfall amount ( tipping-bucket ) mmmeasured by the tipping-bucket rain gauge -- - average rainfall intensity ( tipping-bucket ) mm/hmeasured by the tipping-bucket rain gauge -- - peak rainfall intensity ( tipping-bucket ) mm/hmeasured by the tipping-bucket rain gauge ( top5_t : average of the five highest five minute intensities ( tipping-bucket ) -- average of the five highest five minute intensities ( tipping-bucket ) -- measured by the tipping-bucket rain gauge ) dimensionless real Precipitation Precipitation measured at the climate station or locally within sites ."
"Ways to quantify precipitation : rainfall amount open field ( collecting bottle ) mmmeasured by a @PHENOMENA$ collecting bottle ; rainfall amount open field ( vaisala ) mmmeasured by the vaisala sensor -- - @QUALITY$ open field ( vaisala ) mm/hmeasured by the vaisala sensor -- - peak rainfall intensity open field ( vaisala ) mm/hmeasured by the vaisala sensor -- - average of the five highest five minute intensities open field ( vaisala ) measured by the vaisala sensor -- - rainfall amount ( tipping-bucket ) mmmeasured by the tipping-bucket rain gauge -- - average rainfall intensity ( tipping-bucket ) mm/hmeasured by the tipping-bucket rain gauge -- - peak rainfall intensity ( tipping-bucket ) mm/hmeasured by the tipping-bucket rain gauge ( am_b : rainfall amount open field ( collecting bottle ) mm -- rainfall amount ( collecting bottle ) -- measured by a rainfall collecting bottle ) millimeter real Precipitation Precipitation measured at the climate station or locally within sites .","entity_pair","NA","( loss_o : average sandloss open field g m-2 -- -- ) real Deriving kinetic energy from @PHENOMENA$ @QUALITY$ is derived from sand loss out of splashcups ."
"Ways to quantify precipitation : rainfall amount open field ( collecting bottle ) mmmeasured by a @PHENOMENA$ collecting bottle ; rainfall amount open field ( vaisala ) mmmeasured by the vaisala sensor -- - @QUALITY$ open field ( vaisala ) mm/hmeasured by the vaisala sensor -- - peak rainfall intensity open field ( vaisala ) mm/hmeasured by the vaisala sensor -- - average of the five highest five minute intensities open field ( vaisala ) measured by the vaisala sensor -- - rainfall amount ( tipping-bucket ) mmmeasured by the tipping-bucket rain gauge -- - average rainfall intensity ( tipping-bucket ) mm/hmeasured by the tipping-bucket rain gauge -- - peak rainfall intensity ( tipping-bucket ) mm/hmeasured by the tipping-bucket rain gauge ( am_b : rainfall amount open field ( collecting bottle ) mm -- rainfall amount ( collecting bottle ) -- measured by a rainfall collecting bottle ) millimeter real Precipitation Precipitation measured at the climate station or locally within sites .","entity_pair","NA","Forests are hot beds of malaria transmission as they provide conditions such as vegetation cover , temperature , @PHENOMENA$ and @QUALITY$ that are conducive to distribution and survival of malaria vectors ."
"Ways to quantify precipitation : rainfall amount open field ( collecting bottle ) mmmeasured by a @PHENOMENA$ collecting bottle ; rainfall amount open field ( vaisala ) mmmeasured by the vaisala sensor -- - @QUALITY$ open field ( vaisala ) mm/hmeasured by the vaisala sensor -- - peak rainfall intensity open field ( vaisala ) mm/hmeasured by the vaisala sensor -- - average of the five highest five minute intensities open field ( vaisala ) measured by the vaisala sensor -- - rainfall amount ( tipping-bucket ) mmmeasured by the tipping-bucket rain gauge -- - average rainfall intensity ( tipping-bucket ) mm/hmeasured by the tipping-bucket rain gauge -- - peak rainfall intensity ( tipping-bucket ) mm/hmeasured by the tipping-bucket rain gauge ( am_b : rainfall amount open field ( collecting bottle ) mm -- rainfall amount ( collecting bottle ) -- measured by a rainfall collecting bottle ) millimeter real Precipitation Precipitation measured at the climate station or locally within sites .","entity_pair","NA","Ways to quantify @PHENOMENA$ : rainfall amount open field ( collecting bottle ) mmmeasured by a rainfall collecting bottle ; @QUALITY$ open field ( vaisala ) mmmeasured by the vaisala sensor -- - average rainfall intensity open field ( vaisala ) mm/hmeasured by the vaisala sensor -- - peak rainfall intensity open field ( vaisala ) mm/hmeasured by the vaisala sensor -- - average of the five highest five minute intensities open field ( vaisala ) measured by the vaisala sensor -- - rainfall amount ( tipping-bucket ) mmmeasured by the tipping-bucket rain gauge -- - average rainfall intensity ( tipping-bucket ) mm/hmeasured by the tipping-bucket rain gauge -- - peak rainfall intensity ( tipping-bucket ) mm/hmeasured by the tipping-bucket rain gauge ( thoughfall_mm : Throughfall as measured by the throughfall collecting bottles ) millimeter real Precipitation Precipitation measured at the climate station or locally within sites ."
"number # decimal carbon total total The total @QUALITY$ when adding cropland , grazing land , forest land , fishing ground , built up land and @MATTER$ footprints together number # decimal total qscore QScore A data quality scoring system to show a country s data quality which is comprised of two components , a timeline score ( excluding latest year and denoted by a number from 1 to 3 ) and a latest year score ( denoted by a letter from A to D ) .","entity_pair","HAVE","@QUALITY$ discriminate between sand , @MATTER$ , and clay ."
"number # decimal carbon total total The total @QUALITY$ when adding cropland , grazing land , forest land , fishing ground , built up land and @MATTER$ footprints together number # decimal total qscore QScore A data quality scoring system to show a country s data quality which is comprised of two components , a timeline score ( excluding latest year and denoted by a number from 1 to 3 ) and a latest year score ( denoted by a letter from A to D ) .","entity_pair","INFLUENCE","These were gross @QUALITY$ in a @MATTER$ marsh plant assemblage and an intertidal macroalgae assemblage ; community clearance of microalgae in sessile suspension feeding invertebrate assemblage ; and nutrient uptake in an intertidal macroalgae assemblage ."
"number # decimal carbon total total The total @QUALITY$ when adding cropland , grazing land , forest land , fishing ground , built up land and @MATTER$ footprints together number # decimal total qscore QScore A data quality scoring system to show a country s data quality which is comprised of two components , a timeline score ( excluding latest year and denoted by a number from 1 to 3 ) and a latest year score ( denoted by a letter from A to D ) .","entity_pair","NA","-- - 6 digit metal tags starting with 3 were also used for woody debris items -- the reference file linking metal tags to tree individual tags is called `` Tree stem reference list for the Comparative Study Sites ( CSPs ) ) Silver ID given by Martin , Anja , or Christian , in this case the tree was considered @QUALITY$ by Martin , and dead by AnjaCSP @MATTER$ tag number ( trees , woody debris ) ."
"number # decimal carbon total total The total @QUALITY$ when adding cropland , grazing land , forest land , fishing ground , built up land and @MATTER$ footprints together number # decimal total qscore QScore A data quality scoring system to show a country s data quality which is comprised of two components , a timeline score ( excluding latest year and denoted by a number from 1 to 3 ) and a latest year score ( denoted by a letter from A to D ) .","entity_pair","NA","If the top diameter is not given , then it is 3 cm in diameter valid percentage of volume for volume calculation ; valid volume : Percent of volume valid for calculation , there may be stumps or woody pieces which are not round , or hallow , or half is missingWoody debris dimensions CSP metal tag number ( trees , @QUALITY$ debris ) ( crown_origin ) , dimensionless crown_origin CSP tree individuals were marked mostly with @MATTER$ tags but also additional tags were used ."
"number # decimal carbon total total The total @QUALITY$ when adding cropland , grazing land , forest land , fishing ground , built up land and @MATTER$ footprints together number # decimal total qscore QScore A data quality scoring system to show a country s data quality which is comprised of two components , a timeline score ( excluding latest year and denoted by a number from 1 to 3 ) and a latest year score ( denoted by a letter from A to D ) .","entity_pair","NA","We hypothesized that ( 1 ) @QUALITY$ and species richness interact to affect the rates of benthic nutrient regeneration [ dissolved @MATTER$ ( DIN ) and total dissolved phosphorus ( TDP ) ] and consequently bacterioplankton production ( BP ) and that ( 2 ) the complementarity effects of diversity will be stronger on BP than on nutrient regeneration because the former represents a more integrative process that can be mediated by multivariate nutrient complementarity ."
"We conclude that the conservation of the forest-related biodiversity , and to a lesser degree of @MATTER$ stocks , mainly depends on the preservation of @ENVIRONMENT$ habitats .","entity_pair","OCCUR_IN","-- d ) Compare species-specific sensitivities to snowbreak as a trait i ) Calculate the likelihood of being subject to snowbreak given the species , size and potentially the relative position using logistic regression ii ) Calculate the likelihood of snag survival ; this requires re-sampling iii ) Estimate the down-slope transport of deadwood pieces iv ) Estimate the time it takes for @MATTER$ to collapse and touch the @ENVIRONMENT$ floor -- -- - File asset Plot_skizze.pdf : plot sketch how the debris objects are selected - File asset sp10 CWD_protocol_Gutianshan_AF_20081215_kn.doc : Inventory protocol , should be included into methods -- -- - 2 ) Objective allometries : use some of the downed or alive trees to establish coarse allometries to estimate volume of the remaining intems"
"We conclude that the conservation of the forest-related biodiversity , and to a lesser degree of @MATTER$ stocks , mainly depends on the preservation of @ENVIRONMENT$ habitats .","entity_pair","HAVE","@MATTER$ and gravels in ( 2 ) @ENVIRONMENT$ ( e.g . ."
"We conclude that the conservation of the forest-related biodiversity , and to a lesser degree of @MATTER$ stocks , mainly depends on the preservation of @ENVIRONMENT$ habitats .","entity_pair","NA","( clay : @MATTER$ : < 2ÃŽÂ¼m ) dimensionless real Grain size distribution Wikipedia on @ENVIRONMENT$ classification : Engineers , typically geotechnical engineers , classify soils according to their engineering properties as they relate to use for foundation support or building material ."
"We conclude that the conservation of the forest-related biodiversity , and to a lesser degree of @MATTER$ stocks , mainly depends on the preservation of @ENVIRONMENT$ habitats .","entity_pair","NA","We used the preservative @MATTER$ added to field collected organisms ( live sorted bulk @ENVIRONMENT$ ) as a source of community DNA for NGS environmental barcoding ."
"We conclude that the conservation of the forest-related biodiversity , and to a lesser degree of @MATTER$ stocks , mainly depends on the preservation of @ENVIRONMENT$ habitats .","entity_pair","NA","Using a combination of @MATTER$ composition analyses , metagenomics , and whole-genome sequencing , we reveal that the fungus @ENVIRONMENT$ microbiome of leaf-cutter ants is composed of a diverse community of bacteria with high plant biomass-degrading capacity ."
"Four Decades of Andean Timberline Migration and Implications for Biodiversity Loss with Climate Change Rapid 21st-century @PHENOMENA$ may lead to large population decreases and extinction in tropical montane cloud forest @ORGANISM$ in the Andes .","entity_pair","INFLUENCE","Almost half of the threatened species assessed were considered vulnerable to the impacts of @PHENOMENA$ : @ORGANISM$ being the most vulnerable group , followed by plants , reptiles , mammals and birds ."
"Four Decades of Andean Timberline Migration and Implications for Biodiversity Loss with Climate Change Rapid 21st-century @PHENOMENA$ may lead to large population decreases and extinction in tropical montane cloud forest @ORGANISM$ in the Andes .","entity_pair","OCCUR_IN","Given the recent interest in cellulosic biofuels , understanding how large-scale and rapid plant @PHENOMENA$ occurs in a highly evolved insect @ORGANISM$ is of particular relevance for bioenergy ."
"Four Decades of Andean Timberline Migration and Implications for Biodiversity Loss with Climate Change Rapid 21st-century @PHENOMENA$ may lead to large population decreases and extinction in tropical montane cloud forest @ORGANISM$ in the Andes .","entity_pair","NA","Relationship between Reproductive Allocation and Relative Abundance among 32 Species of a Tibetan Alpine Meadow : Effects of @PHENOMENA$ and Grazing Background Understanding the relationship between @ORGANISM$ traits and species abundance is an important goal in ecology and biodiversity science ."
"Four Decades of Andean Timberline Migration and Implications for Biodiversity Loss with Climate Change Rapid 21st-century @PHENOMENA$ may lead to large population decreases and extinction in tropical montane cloud forest @ORGANISM$ in the Andes .","entity_pair","NA","At present , habitat loss and degradation , followed by fishing impacts , pollution , @PHENOMENA$ , eutrophication , and the establishment of alien @ORGANISM$ are the most important threats and affect the greatest number of taxonomic groups ."
"Four Decades of Andean Timberline Migration and Implications for Biodiversity Loss with Climate Change Rapid 21st-century @PHENOMENA$ may lead to large population decreases and extinction in tropical montane cloud forest @ORGANISM$ in the Andes .","entity_pair","NA","Since future increases in energy-sector surface @PHENOMENA$ will occur in areas of high @ORGANISM$ endemism ( e.g. , Southeast ) , additional management and policy actions will be needed to minimize further species imperilment ."
"Soil analysis and native @ORGANISM$ propagation : a case study on Laysan Island , Papahanaumokuakea Marine National Monument * Original Title * : @ENVIRONMENT$ analysis and native plant propagation : a case study on Laysan Island , Papahanaumokuakea Marine National Monument This final report documents methods and results for 3 objectives of a project funded by the Region 1 Inventory and Monitoring Initiative in FY 2012 .","entity_pair","OCCUR_IN","The effects of weather on fungal abundance and richness among 25 communities in the Intermountain West Background Because moisture and temperature influence the growth of fungi , characterizing weather conditions favorable for fungi may be used to predict the abundance and richness of @ORGANISM$ in @ENVIRONMENT$ with different climate conditions ."
"Soil analysis and native @ORGANISM$ propagation : a case study on Laysan Island , Papahanaumokuakea Marine National Monument * Original Title * : @ENVIRONMENT$ analysis and native plant propagation : a case study on Laysan Island , Papahanaumokuakea Marine National Monument This final report documents methods and results for 3 objectives of a project funded by the Region 1 Inventory and Monitoring Initiative in FY 2012 .","entity_pair","HAVE","By using trait-based neighbourhood models , we quantified changes in aboveground wood productivity of 3397 trees that were planted in a large-scale @ORGANISM$ diversity experiment in @ENVIRONMENT$ China across gradients of neighbourhood diversity and climatic conditions over a six-year period ."
"Soil analysis and native @ORGANISM$ propagation : a case study on Laysan Island , Papahanaumokuakea Marine National Monument * Original Title * : @ENVIRONMENT$ analysis and native plant propagation : a case study on Laysan Island , Papahanaumokuakea Marine National Monument This final report documents methods and results for 3 objectives of a project funded by the Region 1 Inventory and Monitoring Initiative in FY 2012 .","entity_pair","NA","Plant Diversity Impacts Decomposition and @ORGANISM$ via Changes in Aboveground Arthropods Loss of plant diversity influences essential @ENVIRONMENT$ processes as aboveground productivity , and can have cascading effects on the arthropod communities in adjacent trophic levels ."
"Soil analysis and native @ORGANISM$ propagation : a case study on Laysan Island , Papahanaumokuakea Marine National Monument * Original Title * : @ENVIRONMENT$ analysis and native plant propagation : a case study on Laysan Island , Papahanaumokuakea Marine National Monument This final report documents methods and results for 3 objectives of a project funded by the Region 1 Inventory and Monitoring Initiative in FY 2012 .","entity_pair","NA","Identifying management approaches that maintain native @ORGANISM$ and associated ecological processes within @ENVIRONMENT$ is therefore a priority ."
"Soil analysis and native @ORGANISM$ propagation : a case study on Laysan Island , Papahanaumokuakea Marine National Monument * Original Title * : @ENVIRONMENT$ analysis and native plant propagation : a case study on Laysan Island , Papahanaumokuakea Marine National Monument This final report documents methods and results for 3 objectives of a project funded by the Region 1 Inventory and Monitoring Initiative in FY 2012 .","entity_pair","NA","-- - 6 digit metal tags starting with 3 were also used for woody debris items -- the reference file linking metal tags to tree individual tags is called `` Tree stem reference list for the Comparative Study Sites ( CSPs ) ) Silver ID given by Martin , Anja , or Christian , in this case the tree was considered alive by Martin , and dead by AnjaCSP metal tag number ( @ORGANISM$ , @ENVIRONMENT$ debris ) ."
"fine silt : 6.3-2ÃŽÂ¼m sieves and KÃƒÂ¶hn pipette , drying oven , balance Grain size distribution ( clay ) , ... @MATTER$ Wikipedia on @ENVIRONMENT$ classification : Engineers , typically geotechnical engineers , classify soils according to their engineering properties as they relate to use for foundation support or building material .","entity_pair","OCCUR_IN","-- d ) Compare species-specific sensitivities to snowbreak as a trait i ) Calculate the likelihood of being subject to snowbreak given the species , size and potentially the relative position using logistic regression ii ) Calculate the likelihood of snag survival ; this requires re-sampling iii ) Estimate the down-slope transport of deadwood pieces iv ) Estimate the time it takes for @MATTER$ to collapse and touch the @ENVIRONMENT$ floor -- -- - File asset Plot_skizze.pdf : plot sketch how the debris objects are selected - File asset sp10 CWD_protocol_Gutianshan_AF_20081215_kn.doc : Inventory protocol , should be included into methods -- -- - 2 ) Objective allometries : use some of the downed or alive trees to establish coarse allometries to estimate volume of the remaining intems"
"fine silt : 6.3-2ÃŽÂ¼m sieves and KÃƒÂ¶hn pipette , drying oven , balance Grain size distribution ( clay ) , ... @MATTER$ Wikipedia on @ENVIRONMENT$ classification : Engineers , typically geotechnical engineers , classify soils according to their engineering properties as they relate to use for foundation support or building material .","entity_pair","HAVE","@MATTER$ and gravels in ( 2 ) @ENVIRONMENT$ ( e.g . ."
"fine silt : 6.3-2ÃŽÂ¼m sieves and KÃƒÂ¶hn pipette , drying oven , balance Grain size distribution ( clay ) , ... @MATTER$ Wikipedia on @ENVIRONMENT$ classification : Engineers , typically geotechnical engineers , classify soils according to their engineering properties as they relate to use for foundation support or building material .","entity_pair","NA","( clay : @MATTER$ : < 2ÃŽÂ¼m ) dimensionless real Grain size distribution Wikipedia on @ENVIRONMENT$ classification : Engineers , typically geotechnical engineers , classify soils according to their engineering properties as they relate to use for foundation support or building material ."
"fine silt : 6.3-2ÃŽÂ¼m sieves and KÃƒÂ¶hn pipette , drying oven , balance Grain size distribution ( clay ) , ... @MATTER$ Wikipedia on @ENVIRONMENT$ classification : Engineers , typically geotechnical engineers , classify soils according to their engineering properties as they relate to use for foundation support or building material .","entity_pair","NA","We used the preservative @MATTER$ added to field collected organisms ( live sorted bulk @ENVIRONMENT$ ) as a source of community DNA for NGS environmental barcoding ."
"fine silt : 6.3-2ÃŽÂ¼m sieves and KÃƒÂ¶hn pipette , drying oven , balance Grain size distribution ( clay ) , ... @MATTER$ Wikipedia on @ENVIRONMENT$ classification : Engineers , typically geotechnical engineers , classify soils according to their engineering properties as they relate to use for foundation support or building material .","entity_pair","NA","Using a combination of @MATTER$ composition analyses , metagenomics , and whole-genome sequencing , we reveal that the fungus @ENVIRONMENT$ microbiome of leaf-cutter ants is composed of a diverse community of bacteria with high plant biomass-degrading capacity ."
"Coastal ecosystems are important sources of @MATTER$ ( primary production ) to shelf waters and play a vital role in global @PHENOMENA$ .","entity_pair","INFLUENCE","Collection of data on @MATTER$ with special regard to the 2008 @PHENOMENA$ /datasets/204 ASCII 1 column , Helper ( rownr ) , dimensionless rownr Helper column to understand other columns in this data set ( rownr : rownr in the original Excel file ; Datagroup description : Helper ) Helper column to understand other columns in this data set Helper Helper column to understand other columns in this data set rownr in the original Excel file ; Datagroup description : Helper Date time information ( date ) , date date Date time information , given as year or as date or as date time ."
"Coastal ecosystems are important sources of @MATTER$ ( primary production ) to shelf waters and play a vital role in global @PHENOMENA$ .","entity_pair","INFLUENCE","( Phenolics : Total phenolics content as tannic acid equivalent ) dimensionless real Secondary Metabolites Secondary metabolites are @MATTER$ that are not directly involved in the @PHENOMENA$ , development , or reproduction of an organism ."
"Coastal ecosystems are important sources of @MATTER$ ( primary production ) to shelf waters and play a vital role in global @PHENOMENA$ .","entity_pair","NA","Studies of modern and @MATTER$ clades typically document @PHENOMENA$ by vicariance in much higher frequencies than speciation by dispersal ."
"Coastal ecosystems are important sources of @MATTER$ ( primary production ) to shelf waters and play a vital role in global @PHENOMENA$ .","entity_pair","NA","Cite the data as follows : von Oheimb , G. , Nadrowski , K. and Wirth , C. ( 2013 ) : @MATTER$ ( CWD ) : Collection of data on dead wood with special regard to the 2008 @PHENOMENA$ ."
"Coastal ecosystems are important sources of @MATTER$ ( primary production ) to shelf waters and play a vital role in global @PHENOMENA$ .","entity_pair","NA","Policies that promote energy efficiency or conservation in the electric sector would reduce @MATTER$ withdrawn/manipulated by 27Ã¢â¬â36 m3GJÃ¢Ëâ1 ( 0.1Ã¢â¬â0.5 m3GJÃ¢Ëâ1 @PHENOMENA$ ) , while such policies in the liquid fuel sector would reduce withdrawal/manipulation by 0.4Ã¢â¬â0.7 m3GJÃ¢Ëâ1 ( 0.2Ã¢â¬â0.3 m3GJÃ¢Ëâ1 consumption ) ."
"Retention cuts supported higher @QUALITY$ and a greater abundance of @ORGANISM$ than clearcuts as well as higher richness and abundance of open-habitat species than un-harvested forests .","entity_pair","HAVE","We measured above- and below-ground carbon stocks as well as the @QUALITY$ of four groups of plants and eight of @ORGANISM$ on 14 representative plots in Sulawesi , Indonesia , ranging from natural rainforest to cacao agroforests that have replaced former natural forest ."
"Retention cuts supported higher @QUALITY$ and a greater abundance of @ORGANISM$ than clearcuts as well as higher richness and abundance of open-habitat species than un-harvested forests .","entity_pair","INFLUENCE","Using a combination of @QUALITY$ analyses , metagenomics , and whole-genome sequencing , we reveal that the fungus garden microbiome of leaf-cutter @ORGANISM$ is composed of a diverse community of bacteria with high plant biomass-degrading capacity ."
"Retention cuts supported higher @QUALITY$ and a greater abundance of @ORGANISM$ than clearcuts as well as higher richness and abundance of open-habitat species than un-harvested forests .","entity_pair","NA","Here we analyse patterns of marine mammal @QUALITY$ based on predictions of global distributional ranges for 115 @ORGANISM$ , including all extant pinnipeds and cetaceans ."
"Retention cuts supported higher @QUALITY$ and a greater abundance of @ORGANISM$ than clearcuts as well as higher richness and abundance of open-habitat species than un-harvested forests .","entity_pair","NA","We tested speciesspecific differences of crown area , @QUALITY$ and stem inclination using a mixed effects model with @ORGANISM$ as fixed effect and plot as random effect ."
"Retention cuts supported higher @QUALITY$ and a greater abundance of @ORGANISM$ than clearcuts as well as higher richness and abundance of open-habitat species than un-harvested forests .","entity_pair","NA","Mind that the azimuth may have to be corrected given the date and location , since it depends on the magnetic field of the earth.CSP metal tag number ( trees , woody debris ) ; Datagroup description : CSP metal tag number ( trees , @QUALITY$ debris ) ; Datagroup description : CSP @ORGANISM$ individuals were marked mostly with metal tags but also additional tags were used ."
"In the three most carbon-rich agroforestry systems , @MATTER$ stocks were about 60 % of those of @ENVIRONMENT$ , suggesting that 1.6 ha of optimally managed agroforest can contribute to the conservation of carbon stocks as much as 1 ha of natural forest .","entity_pair","OCCUR_IN","-- d ) Compare species-specific sensitivities to snowbreak as a trait i ) Calculate the likelihood of being subject to snowbreak given the species , size and potentially the relative position using logistic regression ii ) Calculate the likelihood of snag survival ; this requires re-sampling iii ) Estimate the down-slope transport of deadwood pieces iv ) Estimate the time it takes for @MATTER$ to collapse and touch the @ENVIRONMENT$ floor -- -- - File asset Plot_skizze.pdf : plot sketch how the debris objects are selected - File asset sp10 CWD_protocol_Gutianshan_AF_20081215_kn.doc : Inventory protocol , should be included into methods -- -- - 2 ) Objective allometries : use some of the downed or alive trees to establish coarse allometries to estimate volume of the remaining intems"
"In the three most carbon-rich agroforestry systems , @MATTER$ stocks were about 60 % of those of @ENVIRONMENT$ , suggesting that 1.6 ha of optimally managed agroforest can contribute to the conservation of carbon stocks as much as 1 ha of natural forest .","entity_pair","HAVE","@MATTER$ and gravels in ( 2 ) @ENVIRONMENT$ ( e.g . ."
"In the three most carbon-rich agroforestry systems , @MATTER$ stocks were about 60 % of those of @ENVIRONMENT$ , suggesting that 1.6 ha of optimally managed agroforest can contribute to the conservation of carbon stocks as much as 1 ha of natural forest .","entity_pair","NA","( clay : @MATTER$ : < 2ÃŽÂ¼m ) dimensionless real Grain size distribution Wikipedia on @ENVIRONMENT$ classification : Engineers , typically geotechnical engineers , classify soils according to their engineering properties as they relate to use for foundation support or building material ."
"In the three most carbon-rich agroforestry systems , @MATTER$ stocks were about 60 % of those of @ENVIRONMENT$ , suggesting that 1.6 ha of optimally managed agroforest can contribute to the conservation of carbon stocks as much as 1 ha of natural forest .","entity_pair","NA","We used the preservative @MATTER$ added to field collected organisms ( live sorted bulk @ENVIRONMENT$ ) as a source of community DNA for NGS environmental barcoding ."
"In the three most carbon-rich agroforestry systems , @MATTER$ stocks were about 60 % of those of @ENVIRONMENT$ , suggesting that 1.6 ha of optimally managed agroforest can contribute to the conservation of carbon stocks as much as 1 ha of natural forest .","entity_pair","NA","Using a combination of @MATTER$ composition analyses , metagenomics , and whole-genome sequencing , we reveal that the fungus @ENVIRONMENT$ microbiome of leaf-cutter ants is composed of a diverse community of bacteria with high plant biomass-degrading capacity ."
"It is highly unlikely that species-poor plantations , which may be optimal for above-ground biomass production , will outperform @ORGANISM$ diverse assemblages for a combination of functions , including overall carbon storage and control over @ENVIRONMENT$ and nutrient flows .","entity_pair","OCCUR_IN","The effects of weather on fungal abundance and richness among 25 communities in the Intermountain West Background Because moisture and temperature influence the growth of fungi , characterizing weather conditions favorable for fungi may be used to predict the abundance and richness of @ORGANISM$ in @ENVIRONMENT$ with different climate conditions ."
"It is highly unlikely that species-poor plantations , which may be optimal for above-ground biomass production , will outperform @ORGANISM$ diverse assemblages for a combination of functions , including overall carbon storage and control over @ENVIRONMENT$ and nutrient flows .","entity_pair","HAVE","By using trait-based neighbourhood models , we quantified changes in aboveground wood productivity of 3397 trees that were planted in a large-scale @ORGANISM$ diversity experiment in @ENVIRONMENT$ China across gradients of neighbourhood diversity and climatic conditions over a six-year period ."
"It is highly unlikely that species-poor plantations , which may be optimal for above-ground biomass production , will outperform @ORGANISM$ diverse assemblages for a combination of functions , including overall carbon storage and control over @ENVIRONMENT$ and nutrient flows .","entity_pair","NA","Plant Diversity Impacts Decomposition and @ORGANISM$ via Changes in Aboveground Arthropods Loss of plant diversity influences essential @ENVIRONMENT$ processes as aboveground productivity , and can have cascading effects on the arthropod communities in adjacent trophic levels ."
"It is highly unlikely that species-poor plantations , which may be optimal for above-ground biomass production , will outperform @ORGANISM$ diverse assemblages for a combination of functions , including overall carbon storage and control over @ENVIRONMENT$ and nutrient flows .","entity_pair","NA","Identifying management approaches that maintain native @ORGANISM$ and associated ecological processes within @ENVIRONMENT$ is therefore a priority ."
"It is highly unlikely that species-poor plantations , which may be optimal for above-ground biomass production , will outperform @ORGANISM$ diverse assemblages for a combination of functions , including overall carbon storage and control over @ENVIRONMENT$ and nutrient flows .","entity_pair","NA","-- - 6 digit metal tags starting with 3 were also used for woody debris items -- the reference file linking metal tags to tree individual tags is called `` Tree stem reference list for the Comparative Study Sites ( CSPs ) ) Silver ID given by Martin , Anja , or Christian , in this case the tree was considered alive by Martin , and dead by AnjaCSP metal tag number ( @ORGANISM$ , @ENVIRONMENT$ debris ) ."
"Overall , the studied @ORGANISM$ @ENVIRONMENT$ contained 32 common species .","entity_pair","HAVE","By using trait-based neighbourhood models , we quantified changes in aboveground wood productivity of 3397 trees that were planted in a large-scale @ORGANISM$ diversity experiment in @ENVIRONMENT$ China across gradients of neighbourhood diversity and climatic conditions over a six-year period ."
"Overall , the studied @ORGANISM$ @ENVIRONMENT$ contained 32 common species .","entity_pair","OCCUR_IN","The effects of weather on fungal abundance and richness among 25 communities in the Intermountain West Background Because moisture and temperature influence the growth of fungi , characterizing weather conditions favorable for fungi may be used to predict the abundance and richness of @ORGANISM$ in @ENVIRONMENT$ with different climate conditions ."
"Overall , the studied @ORGANISM$ @ENVIRONMENT$ contained 32 common species .","entity_pair","NA","Plant Diversity Impacts Decomposition and @ORGANISM$ via Changes in Aboveground Arthropods Loss of plant diversity influences essential @ENVIRONMENT$ processes as aboveground productivity , and can have cascading effects on the arthropod communities in adjacent trophic levels ."
"Overall , the studied @ORGANISM$ @ENVIRONMENT$ contained 32 common species .","entity_pair","NA","Identifying management approaches that maintain native @ORGANISM$ and associated ecological processes within @ENVIRONMENT$ is therefore a priority ."
"Overall , the studied @ORGANISM$ @ENVIRONMENT$ contained 32 common species .","entity_pair","NA","-- - 6 digit metal tags starting with 3 were also used for woody debris items -- the reference file linking metal tags to tree individual tags is called `` Tree stem reference list for the Comparative Study Sites ( CSPs ) ) Silver ID given by Martin , Anja , or Christian , in this case the tree was considered alive by Martin , and dead by AnjaCSP metal tag number ( @ORGANISM$ , @ENVIRONMENT$ debris ) ."
"Indicators : Access to clean fuels and technologies for cooking , Access to electricity , Adjusted net savings , Adjusted savings , Agricultural land , Agricultural methane emissions , Agricultural nitrous oxide emissions , Annual freshwater withdrawals , Aquaculture production , Arable land , Average precipitation in depth , Bird species , CO2 emissions , CO2 emissions from electricity and heat production , CO2 emissions from gaseous fuel consumption , CO2 emissions from liquid fuel consumption , CO2 emissions from manufacturing industries and construction , CO2 emissions from other sectors , CO2 emissions from residential buildings and commercial and public services , CO2 emissions from solid fuel consumption , CO2 emissions from transport , CO2 intensity , Capture fisheries production , Coal rents , Droughts , Electricity production from oil , Electricity production from renewable sources , Energy intensity level of primary energy , Energy related methane emissions , Fish species , Forest area , Forest rents , GHG net emissions/removals by LUCF , HFC gas emissions , Land area , Land area where elevation is below 5 meters , Mammal species , @ENVIRONMENT$ , @PHENOMENA$ , Methane emissions in energy sector , Mineral rents , Mortality rate attributed to household and ambient air pollution , Mortality rate attributed to unintentional poisoning , Mortality rate attributed to unsafe water , Natural gas rents , Nitrous oxide emissions , Nitrous oxide emissions in energy sector , Oil rents , Other greenhouse gas emissions , PFC gas emissions , PM2.5 air pollution , People practicing open defecation , People using at least basic drinking water services , People using at least basic sanitation services , People using safely managed drinking water services , People using safely managed sanitation services , Plant species , Population living in areas where elevation is below 5 meters , Renewable electricity output , Renewable energy consumption , Renewable internal freshwater resources , Renewable internal freshwater resources per capita , Rural land area , Rural land area where elevation is below 5 meters , Rural population living in areas where elevation is below 5 meters , SF6 gas emissions , Surface area , Terrestrial and marine protected areas , Terrestrial protected areas , Total fisheries production , Total greenhouse gas emissions , Total natural resources rents , Urban land area , Urban land area where elevation is below 5 meters , Urban population living in areas where elevation is below 5 meters , Water productivity Methodology - Registry","entity_pair","OCCUR_IN","Here we review the literature to determine the state-of-the-art in modeling @ENVIRONMENT$ under @PHENOMENA$ , with the aim of evaluating and detecting trends and gaps in the current approaches being employed , as well as to provide a useful overview and guidelines for future research ."
"Indicators : Access to clean fuels and technologies for cooking , Access to electricity , Adjusted net savings , Adjusted savings , Agricultural land , Agricultural methane emissions , Agricultural nitrous oxide emissions , Annual freshwater withdrawals , Aquaculture production , Arable land , Average precipitation in depth , Bird species , CO2 emissions , CO2 emissions from electricity and heat production , CO2 emissions from gaseous fuel consumption , CO2 emissions from liquid fuel consumption , CO2 emissions from manufacturing industries and construction , CO2 emissions from other sectors , CO2 emissions from residential buildings and commercial and public services , CO2 emissions from solid fuel consumption , CO2 emissions from transport , CO2 intensity , Capture fisheries production , Coal rents , Droughts , Electricity production from oil , Electricity production from renewable sources , Energy intensity level of primary energy , Energy related methane emissions , Fish species , Forest area , Forest rents , GHG net emissions/removals by LUCF , HFC gas emissions , Land area , Land area where elevation is below 5 meters , Mammal species , @ENVIRONMENT$ , @PHENOMENA$ , Methane emissions in energy sector , Mineral rents , Mortality rate attributed to household and ambient air pollution , Mortality rate attributed to unintentional poisoning , Mortality rate attributed to unsafe water , Natural gas rents , Nitrous oxide emissions , Nitrous oxide emissions in energy sector , Oil rents , Other greenhouse gas emissions , PFC gas emissions , PM2.5 air pollution , People practicing open defecation , People using at least basic drinking water services , People using at least basic sanitation services , People using safely managed drinking water services , People using safely managed sanitation services , Plant species , Population living in areas where elevation is below 5 meters , Renewable electricity output , Renewable energy consumption , Renewable internal freshwater resources , Renewable internal freshwater resources per capita , Rural land area , Rural land area where elevation is below 5 meters , Rural population living in areas where elevation is below 5 meters , SF6 gas emissions , Surface area , Terrestrial and marine protected areas , Terrestrial protected areas , Total fisheries production , Total greenhouse gas emissions , Total natural resources rents , Urban land area , Urban land area where elevation is below 5 meters , Urban population living in areas where elevation is below 5 meters , Water productivity Methodology - Registry","entity_pair","INFLUENCE","`` Individual-tree radial growth in a @ENVIRONMENT$ encourages the role of @PHENOMENA$ . ."
"Indicators : Access to clean fuels and technologies for cooking , Access to electricity , Adjusted net savings , Adjusted savings , Agricultural land , Agricultural methane emissions , Agricultural nitrous oxide emissions , Annual freshwater withdrawals , Aquaculture production , Arable land , Average precipitation in depth , Bird species , CO2 emissions , CO2 emissions from electricity and heat production , CO2 emissions from gaseous fuel consumption , CO2 emissions from liquid fuel consumption , CO2 emissions from manufacturing industries and construction , CO2 emissions from other sectors , CO2 emissions from residential buildings and commercial and public services , CO2 emissions from solid fuel consumption , CO2 emissions from transport , CO2 intensity , Capture fisheries production , Coal rents , Droughts , Electricity production from oil , Electricity production from renewable sources , Energy intensity level of primary energy , Energy related methane emissions , Fish species , Forest area , Forest rents , GHG net emissions/removals by LUCF , HFC gas emissions , Land area , Land area where elevation is below 5 meters , Mammal species , @ENVIRONMENT$ , @PHENOMENA$ , Methane emissions in energy sector , Mineral rents , Mortality rate attributed to household and ambient air pollution , Mortality rate attributed to unintentional poisoning , Mortality rate attributed to unsafe water , Natural gas rents , Nitrous oxide emissions , Nitrous oxide emissions in energy sector , Oil rents , Other greenhouse gas emissions , PFC gas emissions , PM2.5 air pollution , People practicing open defecation , People using at least basic drinking water services , People using at least basic sanitation services , People using safely managed drinking water services , People using safely managed sanitation services , Plant species , Population living in areas where elevation is below 5 meters , Renewable electricity output , Renewable energy consumption , Renewable internal freshwater resources , Renewable internal freshwater resources per capita , Rural land area , Rural land area where elevation is below 5 meters , Rural population living in areas where elevation is below 5 meters , SF6 gas emissions , Surface area , Terrestrial and marine protected areas , Terrestrial protected areas , Total fisheries production , Total greenhouse gas emissions , Total natural resources rents , Urban land area , Urban land area where elevation is below 5 meters , Urban population living in areas where elevation is below 5 meters , Water productivity Methodology - Registry","entity_pair","NA","Ways to quantify precipitation : rainfall amount open @ENVIRONMENT$ ( collecting bottle ) mmmeasured by a @PHENOMENA$ collecting bottle ; rainfall amount open field ( vaisala ) mmmeasured by the vaisala sensor -- - average rainfall intensity open field ( vaisala ) mm/hmeasured by the vaisala sensor -- - peak rainfall intensity open field ( vaisala ) mm/hmeasured by the vaisala sensor -- - average of the five highest five minute intensities open field ( vaisala ) measured by the vaisala sensor -- - rainfall amount ( tipping-bucket ) mmmeasured by the tipping-bucket rain gauge -- - average rainfall intensity ( tipping-bucket ) mm/hmeasured by the tipping-bucket rain gauge -- - peak rainfall intensity ( tipping-bucket ) mm/hmeasured by the tipping-bucket rain gauge rainfall amount open field ( vaisala ) mm -- rainfall amount ( vaisala ) -- measured by the vaisala sensor Precipitation ( int_v ) , millimeter per hour int_v Precipitation measured at the climate station or locally within sites ."
"Indicators : Access to clean fuels and technologies for cooking , Access to electricity , Adjusted net savings , Adjusted savings , Agricultural land , Agricultural methane emissions , Agricultural nitrous oxide emissions , Annual freshwater withdrawals , Aquaculture production , Arable land , Average precipitation in depth , Bird species , CO2 emissions , CO2 emissions from electricity and heat production , CO2 emissions from gaseous fuel consumption , CO2 emissions from liquid fuel consumption , CO2 emissions from manufacturing industries and construction , CO2 emissions from other sectors , CO2 emissions from residential buildings and commercial and public services , CO2 emissions from solid fuel consumption , CO2 emissions from transport , CO2 intensity , Capture fisheries production , Coal rents , Droughts , Electricity production from oil , Electricity production from renewable sources , Energy intensity level of primary energy , Energy related methane emissions , Fish species , Forest area , Forest rents , GHG net emissions/removals by LUCF , HFC gas emissions , Land area , Land area where elevation is below 5 meters , Mammal species , @ENVIRONMENT$ , @PHENOMENA$ , Methane emissions in energy sector , Mineral rents , Mortality rate attributed to household and ambient air pollution , Mortality rate attributed to unintentional poisoning , Mortality rate attributed to unsafe water , Natural gas rents , Nitrous oxide emissions , Nitrous oxide emissions in energy sector , Oil rents , Other greenhouse gas emissions , PFC gas emissions , PM2.5 air pollution , People practicing open defecation , People using at least basic drinking water services , People using at least basic sanitation services , People using safely managed drinking water services , People using safely managed sanitation services , Plant species , Population living in areas where elevation is below 5 meters , Renewable electricity output , Renewable energy consumption , Renewable internal freshwater resources , Renewable internal freshwater resources per capita , Rural land area , Rural land area where elevation is below 5 meters , Rural population living in areas where elevation is below 5 meters , SF6 gas emissions , Surface area , Terrestrial and marine protected areas , Terrestrial protected areas , Total fisheries production , Total greenhouse gas emissions , Total natural resources rents , Urban land area , Urban land area where elevation is below 5 meters , Urban population living in areas where elevation is below 5 meters , Water productivity Methodology - Registry","entity_pair","NA","Here , we investigate the impacts of decomposer diversity on the stability ( reliability ) of three important aboveground and @ENVIRONMENT$ functions : primary productivity ( shoot and root biomass ) , litter decomposition , and @PHENOMENA$ ."
"Indicators : Access to clean fuels and technologies for cooking , Access to electricity , Adjusted net savings , Adjusted savings , Agricultural land , Agricultural methane emissions , Agricultural nitrous oxide emissions , Annual freshwater withdrawals , Aquaculture production , Arable land , Average precipitation in depth , Bird species , CO2 emissions , CO2 emissions from electricity and heat production , CO2 emissions from gaseous fuel consumption , CO2 emissions from liquid fuel consumption , CO2 emissions from manufacturing industries and construction , CO2 emissions from other sectors , CO2 emissions from residential buildings and commercial and public services , CO2 emissions from solid fuel consumption , CO2 emissions from transport , CO2 intensity , Capture fisheries production , Coal rents , Droughts , Electricity production from oil , Electricity production from renewable sources , Energy intensity level of primary energy , Energy related methane emissions , Fish species , Forest area , Forest rents , GHG net emissions/removals by LUCF , HFC gas emissions , Land area , Land area where elevation is below 5 meters , Mammal species , @ENVIRONMENT$ , @PHENOMENA$ , Methane emissions in energy sector , Mineral rents , Mortality rate attributed to household and ambient air pollution , Mortality rate attributed to unintentional poisoning , Mortality rate attributed to unsafe water , Natural gas rents , Nitrous oxide emissions , Nitrous oxide emissions in energy sector , Oil rents , Other greenhouse gas emissions , PFC gas emissions , PM2.5 air pollution , People practicing open defecation , People using at least basic drinking water services , People using at least basic sanitation services , People using safely managed drinking water services , People using safely managed sanitation services , Plant species , Population living in areas where elevation is below 5 meters , Renewable electricity output , Renewable energy consumption , Renewable internal freshwater resources , Renewable internal freshwater resources per capita , Rural land area , Rural land area where elevation is below 5 meters , Rural population living in areas where elevation is below 5 meters , SF6 gas emissions , Surface area , Terrestrial and marine protected areas , Terrestrial protected areas , Total fisheries production , Total greenhouse gas emissions , Total natural resources rents , Urban land area , Urban land area where elevation is below 5 meters , Urban population living in areas where elevation is below 5 meters , Water productivity Methodology - Registry","entity_pair","NA","This approach is useful for complementing @ENVIRONMENT$ networks in countries with great biodiversity , insufficient biological information , and limited resources for @PHENOMENA$ ."
"sands and @MATTER$ are  in ( 2 ) @ENVIRONMENT$ ( e.g .","entity_pair","OCCUR_IN","-- d ) Compare species-specific sensitivities to snowbreak as a trait i ) Calculate the likelihood of being subject to snowbreak given the species , size and potentially the relative position using logistic regression ii ) Calculate the likelihood of snag survival ; this requires re-sampling iii ) Estimate the down-slope transport of deadwood pieces iv ) Estimate the time it takes for @MATTER$ to collapse and touch the @ENVIRONMENT$ floor -- -- - File asset Plot_skizze.pdf : plot sketch how the debris objects are selected - File asset sp10 CWD_protocol_Gutianshan_AF_20081215_kn.doc : Inventory protocol , should be included into methods -- -- - 2 ) Objective allometries : use some of the downed or alive trees to establish coarse allometries to estimate volume of the remaining intems"
"sands and @MATTER$ are  in ( 2 ) @ENVIRONMENT$ ( e.g .","entity_pair","HAVE","@MATTER$ and gravels in ( 2 ) @ENVIRONMENT$ ( e.g . ."
"sands and @MATTER$ are  in ( 2 ) @ENVIRONMENT$ ( e.g .","entity_pair","NA","( clay : @MATTER$ : < 2ÃŽÂ¼m ) dimensionless real Grain size distribution Wikipedia on @ENVIRONMENT$ classification : Engineers , typically geotechnical engineers , classify soils according to their engineering properties as they relate to use for foundation support or building material ."
"sands and @MATTER$ are  in ( 2 ) @ENVIRONMENT$ ( e.g .","entity_pair","NA","We used the preservative @MATTER$ added to field collected organisms ( live sorted bulk @ENVIRONMENT$ ) as a source of community DNA for NGS environmental barcoding ."
"sands and @MATTER$ are  in ( 2 ) @ENVIRONMENT$ ( e.g .","entity_pair","NA","Using a combination of @MATTER$ composition analyses , metagenomics , and whole-genome sequencing , we reveal that the fungus @ENVIRONMENT$ microbiome of leaf-cutter ants is composed of a diverse community of bacteria with high plant biomass-degrading capacity ."
"Resource limitation , tolerance , and the future of ecological plant classification Throughout the evolutionary history of plants , @PHENOMENA$ , shade , and scarcity of @MATTER$ have structured ecosystems and communities globally .","entity_pair","INFLUENCE","Genomic and physiological characterization of two dominant bacteria in the @ORGANISM$ provides evidence of their capacity to degrade @MATTER$ ."
"Resource limitation , tolerance , and the future of ecological plant classification Throughout the evolutionary history of plants , @PHENOMENA$ , shade , and scarcity of @MATTER$ have structured ecosystems and communities globally .","entity_pair","INFLUENCE","those with a low cavitation resistance ) benefitted the most from growing in diverse neighbourhoods , suggesting that @QUALITY$ among local neighbours during @PHENOMENA$ particularly facilitated most vulnerable individuals ."
"Resource limitation , tolerance , and the future of ecological plant classification Throughout the evolutionary history of plants , @PHENOMENA$ , shade , and scarcity of @MATTER$ have structured ecosystems and communities globally .","entity_pair","NA","The greatest consumptive energy sector use is evaporation from hydroelectric reservoirs , followed by @PHENOMENA$ water for @MATTER$ feedstocks and water used for electricity generation from coal ."
"Resource limitation , tolerance , and the future of ecological plant classification Throughout the evolutionary history of plants , @PHENOMENA$ , shade , and scarcity of @MATTER$ have structured ecosystems and communities globally .","entity_pair","NA","@PHENOMENA$ of @MATTER$ from splash cups during the event extrapolated to m2 and converted into KE yes 1185"
"Resource limitation , tolerance , and the future of ecological plant classification Throughout the evolutionary history of plants , @PHENOMENA$ , shade , and scarcity of @MATTER$ have structured ecosystems and communities globally .","entity_pair","NA","At the bottom of the cup a silk cover prevents @PHENOMENA$ of @MATTER$ and guarantees free drainage of water from the cup to the carrier and vice versa ."
"[ Biodegradation of tri- and perchloroethylene in sewage waters and soils by a microbial consortium of @MATTER$ and phototrophic @ORGANISM$ ] .","entity_pair","INFLUENCE","Our results indicate that @MATTER$ pools and biodiversity show different recovery rates under passive , secondary succession and that colonization by undisturbed forest @ORGANISM$ is slow ."
"[ Biodegradation of tri- and perchloroethylene in sewage waters and soils by a microbial consortium of @MATTER$ and phototrophic @ORGANISM$ ] .","entity_pair","OCCUR_IN","We measured above- and @MATTER$ stocks as well as the species richness of four groups of @ORGANISM$ and eight of animals on 14 representative plots in Sulawesi , Indonesia , ranging from natural rainforest to cacao agroforests that have replaced former natural forest ."
"[ Biodegradation of tri- and perchloroethylene in sewage waters and soils by a microbial consortium of @MATTER$ and phototrophic @ORGANISM$ ] .","entity_pair","NA","Further , by hand-pollination experiments , we show that when as few as 10 % of the pollen @MATTER$ are heterospecific , @ORGANISM$ set is decreased to less than half in both species ."
"[ Biodegradation of tri- and perchloroethylene in sewage waters and soils by a microbial consortium of @MATTER$ and phototrophic @ORGANISM$ ] .","entity_pair","NA","-- - 6 digit metal tags starting with 3 were also used for woody debris items -- the reference file linking @MATTER$ tags to @ORGANISM$ individual tags is called `` Tree stem reference list for the Comparative Study Sites ( CSPs ) ) Silver ID given by Anja or Christian , can be given to a woody debris item or to a standing dead tree or snagCSP metal tag number ( trees , woody debris ) , original entry ."
"[ Biodegradation of tri- and perchloroethylene in sewage waters and soils by a microbial consortium of @MATTER$ and phototrophic @ORGANISM$ ] .","entity_pair","NA","-- - 6 digit metal tags starting with 3 were also used for woody debris items -- the reference file linking metal tags to tree individual tags is called `` Tree stem reference list for the Comparative Study Sites ( CSPs ) ) ( TagMBa original : Silver ID given by Martin , Anja , or Christian , in this case the tree was considered alive by Martin , and dead by AnjaCSP @MATTER$ tag number ( @ORGANISM$ , woody debris ) ."
"-- - 6 digit metal tags starting with 3 were also used for woody debris items -- the reference file linking metal tags to tree individual tags is called `` Tree stem reference list for the Comparative Study Sites ( CSPs ) ) ( TagMBa original : Silver ID given by Martin , Anja , or Christian , in this case the tree was considered alive by Martin , and dead by AnjaCSP @MATTER$ tag number ( trees , @ENVIRONMENT$ debris ) .","entity_pair","OCCUR_IN","-- d ) Compare species-specific sensitivities to snowbreak as a trait i ) Calculate the likelihood of being subject to snowbreak given the species , size and potentially the relative position using logistic regression ii ) Calculate the likelihood of snag survival ; this requires re-sampling iii ) Estimate the down-slope transport of deadwood pieces iv ) Estimate the time it takes for @MATTER$ to collapse and touch the @ENVIRONMENT$ floor -- -- - File asset Plot_skizze.pdf : plot sketch how the debris objects are selected - File asset sp10 CWD_protocol_Gutianshan_AF_20081215_kn.doc : Inventory protocol , should be included into methods -- -- - 2 ) Objective allometries : use some of the downed or alive trees to establish coarse allometries to estimate volume of the remaining intems"
"-- - 6 digit metal tags starting with 3 were also used for woody debris items -- the reference file linking metal tags to tree individual tags is called `` Tree stem reference list for the Comparative Study Sites ( CSPs ) ) ( TagMBa original : Silver ID given by Martin , Anja , or Christian , in this case the tree was considered alive by Martin , and dead by AnjaCSP @MATTER$ tag number ( trees , @ENVIRONMENT$ debris ) .","entity_pair","HAVE","@MATTER$ and gravels in ( 2 ) @ENVIRONMENT$ ( e.g . ."
"-- - 6 digit metal tags starting with 3 were also used for woody debris items -- the reference file linking metal tags to tree individual tags is called `` Tree stem reference list for the Comparative Study Sites ( CSPs ) ) ( TagMBa original : Silver ID given by Martin , Anja , or Christian , in this case the tree was considered alive by Martin , and dead by AnjaCSP @MATTER$ tag number ( trees , @ENVIRONMENT$ debris ) .","entity_pair","NA","( clay : @MATTER$ : < 2ÃŽÂ¼m ) dimensionless real Grain size distribution Wikipedia on @ENVIRONMENT$ classification : Engineers , typically geotechnical engineers , classify soils according to their engineering properties as they relate to use for foundation support or building material ."
"-- - 6 digit metal tags starting with 3 were also used for woody debris items -- the reference file linking metal tags to tree individual tags is called `` Tree stem reference list for the Comparative Study Sites ( CSPs ) ) ( TagMBa original : Silver ID given by Martin , Anja , or Christian , in this case the tree was considered alive by Martin , and dead by AnjaCSP @MATTER$ tag number ( trees , @ENVIRONMENT$ debris ) .","entity_pair","NA","We used the preservative @MATTER$ added to field collected organisms ( live sorted bulk @ENVIRONMENT$ ) as a source of community DNA for NGS environmental barcoding ."
"-- - 6 digit metal tags starting with 3 were also used for woody debris items -- the reference file linking metal tags to tree individual tags is called `` Tree stem reference list for the Comparative Study Sites ( CSPs ) ) ( TagMBa original : Silver ID given by Martin , Anja , or Christian , in this case the tree was considered alive by Martin , and dead by AnjaCSP @MATTER$ tag number ( trees , @ENVIRONMENT$ debris ) .","entity_pair","NA","Using a combination of @MATTER$ composition analyses , metagenomics , and whole-genome sequencing , we reveal that the fungus @ENVIRONMENT$ microbiome of leaf-cutter ants is composed of a diverse community of bacteria with high plant biomass-degrading capacity ."
"Commands : as.taxo ( ) , divc ( ) Estimated number of @ORGANISM$ OTUs ( Hill number 0 ) Taxonomic biodiversity ( estimator.shan06 ) , estimator.shan06 @QUALITY$ can be given as species richness , or other diversity indices .","entity_pair","HAVE","abundance CSP ectomycorrhiza fungi saprophytes successional age Find the list of keywords here : @ORGANISM$ CSP @QUALITY$ abundance Taxonomic.assignment List of headers of the data columns in this dataset Permission is granted to anybody to access , use and publish all open for public data freely ."
"Commands : as.taxo ( ) , divc ( ) Estimated number of @ORGANISM$ OTUs ( Hill number 0 ) Taxonomic biodiversity ( estimator.shan06 ) , estimator.shan06 @QUALITY$ can be given as species richness , or other diversity indices .","entity_pair","INFLUENCE","Here , we investigated whether and how the effects of biodiversity mediated by non-trophic interactions among @ORGANISM$ vary according to @QUALITY$ and ecosystem processes ."
"Commands : as.taxo ( ) , divc ( ) Estimated number of @ORGANISM$ OTUs ( Hill number 0 ) Taxonomic biodiversity ( estimator.shan06 ) , estimator.shan06 @QUALITY$ can be given as species richness , or other diversity indices .","entity_pair","NA","Herb layer includes all @ORGANISM$ and individuals below 1m @QUALITY$ ."
"Commands : as.taxo ( ) , divc ( ) Estimated number of @ORGANISM$ OTUs ( Hill number 0 ) Taxonomic biodiversity ( estimator.shan06 ) , estimator.shan06 @QUALITY$ can be given as species richness , or other diversity indices .","entity_pair","NA","All of the biodiversity components , except Bacteria and @ORGANISM$ , displayed a decreasing pattern with increasing water @QUALITY$ , but to a different extent for each component ."
"Commands : as.taxo ( ) , divc ( ) Estimated number of @ORGANISM$ OTUs ( Hill number 0 ) Taxonomic biodiversity ( estimator.shan06 ) , estimator.shan06 @QUALITY$ can be given as species richness , or other diversity indices .","entity_pair","NA","Biotic variables included species richness , functional diversity , competition index , the dbh of the target @ORGANISM$ and mean upper @QUALITY$ , while the abiotic variables were slope inclination , slope aspect and soil depth ."
"The patterns thus derived confirm that while native losses are likely significant across at least half of Earth s ice-free land , model predictions indicate that @QUALITY$ has increased overall in most regional @ENVIRONMENT$ , mostly because species invasions tend to exceed native losses .","entity_pair","HAVE","depth ( lower boundary ) of soil horizon @QUALITY$ ( csa ) , Mass % csa Wikipedia on @ENVIRONMENT$ classification : Engineers , typically geotechnical engineers , classify soils according to their engineering properties as they relate to use for foundation support or building material ."
"The patterns thus derived confirm that while native losses are likely significant across at least half of Earth s ice-free land , model predictions indicate that @QUALITY$ has increased overall in most regional @ENVIRONMENT$ , mostly because species invasions tend to exceed native losses .","entity_pair","INFLUENCE","The MAR , 3,704,404 km2 in area , accounts for 44.7 % lower bathyal habitat ( 800Ã¢â¬â3500 m depth ) in the North Atlantic and is dominated by fine soft sediment substrate ( 95 % of @QUALITY$ ) on a series of flat terraces with intervening slopes either side of the ridge axis contributing to @ENVIRONMENT$ heterogeneity ."
"The patterns thus derived confirm that while native losses are likely significant across at least half of Earth s ice-free land , model predictions indicate that @QUALITY$ has increased overall in most regional @ENVIRONMENT$ , mostly because species invasions tend to exceed native losses .","entity_pair","NA","Causes , consequences , and perspectives in the variations of intestinal @QUALITY$ of colonization of multidrug-resistant enterobacteria The intestinal microbiota is a complex @ENVIRONMENT$ that hosts 1013 to 1014 bacteria ."
"The patterns thus derived confirm that while native losses are likely significant across at least half of Earth s ice-free land , model predictions indicate that @QUALITY$ has increased overall in most regional @ENVIRONMENT$ , mostly because species invasions tend to exceed native losses .","entity_pair","NA","Given limitations in using organ-level traits to predict ecological performance of species , recent advances using tolerances of low resource availability as plant functional @QUALITY$ are revealing the often hidden roles these factors have in structuring @ENVIRONMENT$ and are becoming central to classifying plants ecologically ."
"The patterns thus derived confirm that while native losses are likely significant across at least half of Earth s ice-free land , model predictions indicate that @QUALITY$ has increased overall in most regional @ENVIRONMENT$ , mostly because species invasions tend to exceed native losses .","entity_pair","NA","The main factors driving climate change vulnerability were low genetic variation , dependence on a particular disturbance regime and reliance on a particular @QUALITY$ regime or @ENVIRONMENT$ ."
"2015 : Trade-offs between physical and chemical carbon-based leaf defence : Of intraspecific variation and trait evolution ( Journal of Ecology ) /datasets/490 ASCII 1 column , Scientific plant species name ( @ORGANISM$ ) , Species The scientific species fullnames are based on the `` Flora of @LOCATION$ China identified by Teng Fang and verified by Helge Bruelheide ( trees ) and Alexandra Erfmeier ( herbs ) .","entity_pair","OCCUR_IN","@ORGANISM$ pollination and self-incompatibility in edible and/or medicinal crops in @LOCATION$ , a global hotspot of biodiversity ."
"2015 : Trade-offs between physical and chemical carbon-based leaf defence : Of intraspecific variation and trait evolution ( Journal of Ecology ) /datasets/490 ASCII 1 column , Scientific plant species name ( @ORGANISM$ ) , Species The scientific species fullnames are based on the `` Flora of @LOCATION$ China identified by Teng Fang and verified by Helge Bruelheide ( trees ) and Alexandra Erfmeier ( herbs ) .","entity_pair","HAVE","Species name ; Datagroup description : Scientific plant species name ; Source : @ORGANISM$ of @LOCATION$ ; Datagroup description : Scientific plant species name Date time information ( Year_Collected ) , Year_Collected Date time information , given as year or as date or as date time ."
"2015 : Trade-offs between physical and chemical carbon-based leaf defence : Of intraspecific variation and trait evolution ( Journal of Ecology ) /datasets/490 ASCII 1 column , Scientific plant species name ( @ORGANISM$ ) , Species The scientific species fullnames are based on the `` Flora of @LOCATION$ China identified by Teng Fang and verified by Helge Bruelheide ( trees ) and Alexandra Erfmeier ( herbs ) .","entity_pair","NA","( species : @ORGANISM$ ) The scientific species fullnames are based on the `` Flora of @LOCATION$ China identified by Teng Fang and verified by Helge Bruelheide ( trees ) and Alexandra Erfmeier ( herbs ) ."
"2015 : Trade-offs between physical and chemical carbon-based leaf defence : Of intraspecific variation and trait evolution ( Journal of Ecology ) /datasets/490 ASCII 1 column , Scientific plant species name ( @ORGANISM$ ) , Species The scientific species fullnames are based on the `` Flora of @LOCATION$ China identified by Teng Fang and verified by Helge Bruelheide ( trees ) and Alexandra Erfmeier ( herbs ) .","entity_pair","NA","Source : Last updated at : 1/6/2020 PDDL downtown_tree_inventory_2013 objectid OBJECTID number # decimal objectid tree_id TREE_ID number # decimal tree_id address ADDRESS string # string address species SPECIES string # string species com_name COM_NAME string # string com_name dbh DBH number # decimal dbh height HEIGHT number # decimal height condition CONDITION string # string condition land_type LAND_TYPE string # string land_type park_name PARK_NAME string # string park_name x X number # decimal x y Y number # decimal y data/downtown_tree_inventory_2013.csv csv downtown_tree_inventory_2013_1 the_geom the_geom string # string the_geom objectid OBJECTID integer # integer objectid tree_id TREE_ID integer # integer tree_id address ADDRESS string # string address species SPECIES string # string species com_name COM_NAME string # string com_name dbh DBH integer # integer dbh height HEIGHT integer # integer height condition CONDITION string # string condition land_type LAND_TYPE string # string land_type park_name PARK_NAME string # string park_name x X number # decimal x y Y number # decimal y data/downtown_tree_inventory_2013_1.csv csv original/Downtown_Tree_Inventory_2013.cpg original/Downtown_Tree_Inventory_2013.cpg cpg text/plain 5 original/Downtown_Tree_Inventory_2013.dbf original/Downtown_Tree_Inventory_2013.dbf dbf application/dbf 2663093 original/Downtown_Tree_Inventory_2013.prj original/Downtown_Tree_Inventory_2013.prj prj text/plain 583 original/Downtown_Tree_Inventory_2013.sbn original/Downtown_Tree_Inventory_2013.sbn sbn application/x-shapefile 70604 original/Downtown_Tree_Inventory_2013.sbx original/Downtown_Tree_Inventory_2013.sbx sbx application/x-shapefile 4380 original/Downtown_Tree_Inventory_2013.shp original/Downtown_Tree_Inventory_2013.shp shp application/x-shapefile 204360 original/Downtown_Tree_Inventory_2013.shp.xml original/Downtown_Tree_Inventory_2013.shp.xml xml application/xml 107387 original/Downtown_Tree_Inventory_2013.shx original/Downtown_Tree_Inventory_2013.shx shx application/x-shapefile 58460 original/downtown-tree-inventory-2013-1.csv original/downtown-tree-inventory-2013-1.csv csv text/csv 1137225 original/downtown-tree-inventory-2013-2-2.xml original/downtown-tree-inventory-2013-2-2.xml xml application/xml 6061558 downtown @ORGANISM$ inventory central business district cbd arborist urban forest @LOCATION$ and maps"
"2015 : Trade-offs between physical and chemical carbon-based leaf defence : Of intraspecific variation and trait evolution ( Journal of Ecology ) /datasets/490 ASCII 1 column , Scientific plant species name ( @ORGANISM$ ) , Species The scientific species fullnames are based on the `` Flora of @LOCATION$ China identified by Teng Fang and verified by Helge Bruelheide ( trees ) and Alexandra Erfmeier ( herbs ) .","entity_pair","NA","Other uncommon sarma preparations were based on lightly toxic taxa , such as potato leaves in NE Albania , leaves of Arum , Convolvulus , and Smilax @ORGANISM$ in Turkey , of Phytolacca americana in Macedonia , and of Tussilago farfara in diverse @LOCATION$ ."
"Causes , consequences , and perspectives in the variations of intestinal @QUALITY$ of colonization of multidrug-resistant enterobacteria The intestinal microbiota is a complex environment that hosts 1013 to 1014 @ORGANISM$ .","entity_pair","HAVE","We measured above- and below-ground carbon stocks as well as the @QUALITY$ of four groups of plants and eight of @ORGANISM$ on 14 representative plots in Sulawesi , Indonesia , ranging from natural rainforest to cacao agroforests that have replaced former natural forest ."
"Causes , consequences , and perspectives in the variations of intestinal @QUALITY$ of colonization of multidrug-resistant enterobacteria The intestinal microbiota is a complex environment that hosts 1013 to 1014 @ORGANISM$ .","entity_pair","INFLUENCE","Using a combination of @QUALITY$ analyses , metagenomics , and whole-genome sequencing , we reveal that the fungus garden microbiome of leaf-cutter @ORGANISM$ is composed of a diverse community of bacteria with high plant biomass-degrading capacity ."
"Causes , consequences , and perspectives in the variations of intestinal @QUALITY$ of colonization of multidrug-resistant enterobacteria The intestinal microbiota is a complex environment that hosts 1013 to 1014 @ORGANISM$ .","entity_pair","NA","Here we analyse patterns of marine mammal @QUALITY$ based on predictions of global distributional ranges for 115 @ORGANISM$ , including all extant pinnipeds and cetaceans ."
"Causes , consequences , and perspectives in the variations of intestinal @QUALITY$ of colonization of multidrug-resistant enterobacteria The intestinal microbiota is a complex environment that hosts 1013 to 1014 @ORGANISM$ .","entity_pair","NA","We tested speciesspecific differences of crown area , @QUALITY$ and stem inclination using a mixed effects model with @ORGANISM$ as fixed effect and plot as random effect ."
"Causes , consequences , and perspectives in the variations of intestinal @QUALITY$ of colonization of multidrug-resistant enterobacteria The intestinal microbiota is a complex environment that hosts 1013 to 1014 @ORGANISM$ .","entity_pair","NA","Mind that the azimuth may have to be corrected given the date and location , since it depends on the magnetic field of the earth.CSP metal tag number ( trees , woody debris ) ; Datagroup description : CSP metal tag number ( trees , @QUALITY$ debris ) ; Datagroup description : CSP @ORGANISM$ individuals were marked mostly with metal tags but also additional tags were used ."
"We cultured @ORGANISM$ from air and leaf surfaces , and collected continuous temperature and relative @QUALITY$ measures over the growing season at 25 sites .","entity_pair","HAVE","abundance CSP ectomycorrhiza fungi saprophytes successional age Find the list of keywords here : @ORGANISM$ CSP @QUALITY$ abundance Taxonomic.assignment List of headers of the data columns in this dataset Permission is granted to anybody to access , use and publish all open for public data freely ."
"We cultured @ORGANISM$ from air and leaf surfaces , and collected continuous temperature and relative @QUALITY$ measures over the growing season at 25 sites .","entity_pair","INFLUENCE","Here , we investigated whether and how the effects of biodiversity mediated by non-trophic interactions among @ORGANISM$ vary according to @QUALITY$ and ecosystem processes ."
"We cultured @ORGANISM$ from air and leaf surfaces , and collected continuous temperature and relative @QUALITY$ measures over the growing season at 25 sites .","entity_pair","NA","Herb layer includes all @ORGANISM$ and individuals below 1m @QUALITY$ ."
"We cultured @ORGANISM$ from air and leaf surfaces , and collected continuous temperature and relative @QUALITY$ measures over the growing season at 25 sites .","entity_pair","NA","All of the biodiversity components , except Bacteria and @ORGANISM$ , displayed a decreasing pattern with increasing water @QUALITY$ , but to a different extent for each component ."
"We cultured @ORGANISM$ from air and leaf surfaces , and collected continuous temperature and relative @QUALITY$ measures over the growing season at 25 sites .","entity_pair","NA","Biotic variables included species richness , functional diversity , competition index , the dbh of the target @ORGANISM$ and mean upper @QUALITY$ , while the abiotic variables were slope inclination , slope aspect and soil depth ."
"Indicators : Access to electricity , Adjusted savings , Agricultural land , Agricultural methane emissions , Agricultural nitrous oxide emissions , Arable land , Bird species , CO2 emissions , CO2 emissions from gaseous fuel consumption , CO2 emissions from liquid fuel consumption , CO2 emissions from solid fuel consumption , Capture fisheries production , Coal rents , Energy related methane emissions , Fish species , Forest area , Forest rents , Land area , Land area where elevation is below 5 meters , @ORGANISM$ , @ENVIRONMENT$ , Methane emissions , Methane emissions in energy sector , Mineral rents , Natural gas rents , Nitrous oxide emissions , Nitrous oxide emissions in energy sector , Oil rents , PM2.5 air pollution , People practicing open defecation , People using at least basic drinking water services , People using at least basic sanitation services , People using safely managed drinking water services , People using safely managed sanitation services , Plant species , Population living in areas where elevation is below 5 meters , Renewable electricity output , Renewable energy consumption , Renewable internal freshwater resources , Renewable internal freshwater resources per capita , Rural land area , Rural land area where elevation is below 5 meters , Rural population living in areas where elevation is below 5 meters , Surface area , Terrestrial and marine protected areas , Terrestrial protected areas , Total fisheries production , Total natural resources rents , Urban land area , Urban land area where elevation is below 5 meters , Urban population living in areas where elevation is below 5 meters Methodology - Registry Source : Last updated at : ######## License - Creative Commons Attribution International CC-BY environment_indicators_for_greenland_1 country_name Country Name string # string country_name country_iso3 Country ISO3 string # string country_iso3 year Year gyear # gYear year indicator_name Indicator Name string # string indicator_name indicator_code Indicator Code string # string indicator_code value Value number # decimal value data/environment_indicators_for_greenland_1.csv csv original/environment-indicators-for-greenland-1.csv original/environment-indicators-for-greenland-1.csv csv text/csv 211273 environment hxl indicators greenland","entity_pair","OCCUR_IN","The effects of weather on fungal abundance and richness among 25 communities in the Intermountain West Background Because moisture and temperature influence the growth of fungi , characterizing weather conditions favorable for fungi may be used to predict the abundance and richness of @ORGANISM$ in @ENVIRONMENT$ with different climate conditions ."
"Indicators : Access to electricity , Adjusted savings , Agricultural land , Agricultural methane emissions , Agricultural nitrous oxide emissions , Arable land , Bird species , CO2 emissions , CO2 emissions from gaseous fuel consumption , CO2 emissions from liquid fuel consumption , CO2 emissions from solid fuel consumption , Capture fisheries production , Coal rents , Energy related methane emissions , Fish species , Forest area , Forest rents , Land area , Land area where elevation is below 5 meters , @ORGANISM$ , @ENVIRONMENT$ , Methane emissions , Methane emissions in energy sector , Mineral rents , Natural gas rents , Nitrous oxide emissions , Nitrous oxide emissions in energy sector , Oil rents , PM2.5 air pollution , People practicing open defecation , People using at least basic drinking water services , People using at least basic sanitation services , People using safely managed drinking water services , People using safely managed sanitation services , Plant species , Population living in areas where elevation is below 5 meters , Renewable electricity output , Renewable energy consumption , Renewable internal freshwater resources , Renewable internal freshwater resources per capita , Rural land area , Rural land area where elevation is below 5 meters , Rural population living in areas where elevation is below 5 meters , Surface area , Terrestrial and marine protected areas , Terrestrial protected areas , Total fisheries production , Total natural resources rents , Urban land area , Urban land area where elevation is below 5 meters , Urban population living in areas where elevation is below 5 meters Methodology - Registry Source : Last updated at : ######## License - Creative Commons Attribution International CC-BY environment_indicators_for_greenland_1 country_name Country Name string # string country_name country_iso3 Country ISO3 string # string country_iso3 year Year gyear # gYear year indicator_name Indicator Name string # string indicator_name indicator_code Indicator Code string # string indicator_code value Value number # decimal value data/environment_indicators_for_greenland_1.csv csv original/environment-indicators-for-greenland-1.csv original/environment-indicators-for-greenland-1.csv csv text/csv 211273 environment hxl indicators greenland","entity_pair","HAVE","By using trait-based neighbourhood models , we quantified changes in aboveground wood productivity of 3397 trees that were planted in a large-scale @ORGANISM$ diversity experiment in @ENVIRONMENT$ China across gradients of neighbourhood diversity and climatic conditions over a six-year period ."
"Indicators : Access to electricity , Adjusted savings , Agricultural land , Agricultural methane emissions , Agricultural nitrous oxide emissions , Arable land , Bird species , CO2 emissions , CO2 emissions from gaseous fuel consumption , CO2 emissions from liquid fuel consumption , CO2 emissions from solid fuel consumption , Capture fisheries production , Coal rents , Energy related methane emissions , Fish species , Forest area , Forest rents , Land area , Land area where elevation is below 5 meters , @ORGANISM$ , @ENVIRONMENT$ , Methane emissions , Methane emissions in energy sector , Mineral rents , Natural gas rents , Nitrous oxide emissions , Nitrous oxide emissions in energy sector , Oil rents , PM2.5 air pollution , People practicing open defecation , People using at least basic drinking water services , People using at least basic sanitation services , People using safely managed drinking water services , People using safely managed sanitation services , Plant species , Population living in areas where elevation is below 5 meters , Renewable electricity output , Renewable energy consumption , Renewable internal freshwater resources , Renewable internal freshwater resources per capita , Rural land area , Rural land area where elevation is below 5 meters , Rural population living in areas where elevation is below 5 meters , Surface area , Terrestrial and marine protected areas , Terrestrial protected areas , Total fisheries production , Total natural resources rents , Urban land area , Urban land area where elevation is below 5 meters , Urban population living in areas where elevation is below 5 meters Methodology - Registry Source : Last updated at : ######## License - Creative Commons Attribution International CC-BY environment_indicators_for_greenland_1 country_name Country Name string # string country_name country_iso3 Country ISO3 string # string country_iso3 year Year gyear # gYear year indicator_name Indicator Name string # string indicator_name indicator_code Indicator Code string # string indicator_code value Value number # decimal value data/environment_indicators_for_greenland_1.csv csv original/environment-indicators-for-greenland-1.csv original/environment-indicators-for-greenland-1.csv csv text/csv 211273 environment hxl indicators greenland","entity_pair","NA","Plant Diversity Impacts Decomposition and @ORGANISM$ via Changes in Aboveground Arthropods Loss of plant diversity influences essential @ENVIRONMENT$ processes as aboveground productivity , and can have cascading effects on the arthropod communities in adjacent trophic levels ."
"Indicators : Access to electricity , Adjusted savings , Agricultural land , Agricultural methane emissions , Agricultural nitrous oxide emissions , Arable land , Bird species , CO2 emissions , CO2 emissions from gaseous fuel consumption , CO2 emissions from liquid fuel consumption , CO2 emissions from solid fuel consumption , Capture fisheries production , Coal rents , Energy related methane emissions , Fish species , Forest area , Forest rents , Land area , Land area where elevation is below 5 meters , @ORGANISM$ , @ENVIRONMENT$ , Methane emissions , Methane emissions in energy sector , Mineral rents , Natural gas rents , Nitrous oxide emissions , Nitrous oxide emissions in energy sector , Oil rents , PM2.5 air pollution , People practicing open defecation , People using at least basic drinking water services , People using at least basic sanitation services , People using safely managed drinking water services , People using safely managed sanitation services , Plant species , Population living in areas where elevation is below 5 meters , Renewable electricity output , Renewable energy consumption , Renewable internal freshwater resources , Renewable internal freshwater resources per capita , Rural land area , Rural land area where elevation is below 5 meters , Rural population living in areas where elevation is below 5 meters , Surface area , Terrestrial and marine protected areas , Terrestrial protected areas , Total fisheries production , Total natural resources rents , Urban land area , Urban land area where elevation is below 5 meters , Urban population living in areas where elevation is below 5 meters Methodology - Registry Source : Last updated at : ######## License - Creative Commons Attribution International CC-BY environment_indicators_for_greenland_1 country_name Country Name string # string country_name country_iso3 Country ISO3 string # string country_iso3 year Year gyear # gYear year indicator_name Indicator Name string # string indicator_name indicator_code Indicator Code string # string indicator_code value Value number # decimal value data/environment_indicators_for_greenland_1.csv csv original/environment-indicators-for-greenland-1.csv original/environment-indicators-for-greenland-1.csv csv text/csv 211273 environment hxl indicators greenland","entity_pair","NA","Identifying management approaches that maintain native @ORGANISM$ and associated ecological processes within @ENVIRONMENT$ is therefore a priority ."
"Indicators : Access to electricity , Adjusted savings , Agricultural land , Agricultural methane emissions , Agricultural nitrous oxide emissions , Arable land , Bird species , CO2 emissions , CO2 emissions from gaseous fuel consumption , CO2 emissions from liquid fuel consumption , CO2 emissions from solid fuel consumption , Capture fisheries production , Coal rents , Energy related methane emissions , Fish species , Forest area , Forest rents , Land area , Land area where elevation is below 5 meters , @ORGANISM$ , @ENVIRONMENT$ , Methane emissions , Methane emissions in energy sector , Mineral rents , Natural gas rents , Nitrous oxide emissions , Nitrous oxide emissions in energy sector , Oil rents , PM2.5 air pollution , People practicing open defecation , People using at least basic drinking water services , People using at least basic sanitation services , People using safely managed drinking water services , People using safely managed sanitation services , Plant species , Population living in areas where elevation is below 5 meters , Renewable electricity output , Renewable energy consumption , Renewable internal freshwater resources , Renewable internal freshwater resources per capita , Rural land area , Rural land area where elevation is below 5 meters , Rural population living in areas where elevation is below 5 meters , Surface area , Terrestrial and marine protected areas , Terrestrial protected areas , Total fisheries production , Total natural resources rents , Urban land area , Urban land area where elevation is below 5 meters , Urban population living in areas where elevation is below 5 meters Methodology - Registry Source : Last updated at : ######## License - Creative Commons Attribution International CC-BY environment_indicators_for_greenland_1 country_name Country Name string # string country_name country_iso3 Country ISO3 string # string country_iso3 year Year gyear # gYear year indicator_name Indicator Name string # string indicator_name indicator_code Indicator Code string # string indicator_code value Value number # decimal value data/environment_indicators_for_greenland_1.csv csv original/environment-indicators-for-greenland-1.csv original/environment-indicators-for-greenland-1.csv csv text/csv 211273 environment hxl indicators greenland","entity_pair","NA","-- - 6 digit metal tags starting with 3 were also used for woody debris items -- the reference file linking metal tags to tree individual tags is called `` Tree stem reference list for the Comparative Study Sites ( CSPs ) ) Silver ID given by Martin , Anja , or Christian , in this case the tree was considered alive by Martin , and dead by AnjaCSP metal tag number ( @ORGANISM$ , @ENVIRONMENT$ debris ) ."
"The primacy of either species or functional group richness effects depended on the sequence of testing these terms , indicating that both aspects of richness were congruent and complementary to expected strong effects of legume presence and @ORGANISM$ presence on plant @QUALITY$ .","entity_pair","HAVE","abundance CSP ectomycorrhiza fungi saprophytes successional age Find the list of keywords here : @ORGANISM$ CSP @QUALITY$ abundance Taxonomic.assignment List of headers of the data columns in this dataset Permission is granted to anybody to access , use and publish all open for public data freely ."
"The primacy of either species or functional group richness effects depended on the sequence of testing these terms , indicating that both aspects of richness were congruent and complementary to expected strong effects of legume presence and @ORGANISM$ presence on plant @QUALITY$ .","entity_pair","INFLUENCE","Here , we investigated whether and how the effects of biodiversity mediated by non-trophic interactions among @ORGANISM$ vary according to @QUALITY$ and ecosystem processes ."
"The primacy of either species or functional group richness effects depended on the sequence of testing these terms , indicating that both aspects of richness were congruent and complementary to expected strong effects of legume presence and @ORGANISM$ presence on plant @QUALITY$ .","entity_pair","NA","Herb layer includes all @ORGANISM$ and individuals below 1m @QUALITY$ ."
"The primacy of either species or functional group richness effects depended on the sequence of testing these terms , indicating that both aspects of richness were congruent and complementary to expected strong effects of legume presence and @ORGANISM$ presence on plant @QUALITY$ .","entity_pair","NA","All of the biodiversity components , except Bacteria and @ORGANISM$ , displayed a decreasing pattern with increasing water @QUALITY$ , but to a different extent for each component ."
"The primacy of either species or functional group richness effects depended on the sequence of testing these terms , indicating that both aspects of richness were congruent and complementary to expected strong effects of legume presence and @ORGANISM$ presence on plant @QUALITY$ .","entity_pair","NA","Biotic variables included species richness , functional diversity , competition index , the dbh of the target @ORGANISM$ and mean upper @QUALITY$ , while the abiotic variables were slope inclination , slope aspect and soil depth ."
"Specific regulations are in place relating to @ORGANISM$ ( Crassostrea gigas ) to prevent the introduction of ostreid herpesvirus into certain areas of Ireland and the @LOCATION$ .","entity_pair","OCCUR_IN","@ORGANISM$ pollination and self-incompatibility in edible and/or medicinal crops in @LOCATION$ , a global hotspot of biodiversity ."
"Specific regulations are in place relating to @ORGANISM$ ( Crassostrea gigas ) to prevent the introduction of ostreid herpesvirus into certain areas of Ireland and the @LOCATION$ .","entity_pair","HAVE","Species name ; Datagroup description : Scientific plant species name ; Source : @ORGANISM$ of @LOCATION$ ; Datagroup description : Scientific plant species name Date time information ( Year_Collected ) , Year_Collected Date time information , given as year or as date or as date time ."
"Specific regulations are in place relating to @ORGANISM$ ( Crassostrea gigas ) to prevent the introduction of ostreid herpesvirus into certain areas of Ireland and the @LOCATION$ .","entity_pair","NA","( species : @ORGANISM$ ) The scientific species fullnames are based on the `` Flora of @LOCATION$ China identified by Teng Fang and verified by Helge Bruelheide ( trees ) and Alexandra Erfmeier ( herbs ) ."
"Specific regulations are in place relating to @ORGANISM$ ( Crassostrea gigas ) to prevent the introduction of ostreid herpesvirus into certain areas of Ireland and the @LOCATION$ .","entity_pair","NA","Source : Last updated at : 1/6/2020 PDDL downtown_tree_inventory_2013 objectid OBJECTID number # decimal objectid tree_id TREE_ID number # decimal tree_id address ADDRESS string # string address species SPECIES string # string species com_name COM_NAME string # string com_name dbh DBH number # decimal dbh height HEIGHT number # decimal height condition CONDITION string # string condition land_type LAND_TYPE string # string land_type park_name PARK_NAME string # string park_name x X number # decimal x y Y number # decimal y data/downtown_tree_inventory_2013.csv csv downtown_tree_inventory_2013_1 the_geom the_geom string # string the_geom objectid OBJECTID integer # integer objectid tree_id TREE_ID integer # integer tree_id address ADDRESS string # string address species SPECIES string # string species com_name COM_NAME string # string com_name dbh DBH integer # integer dbh height HEIGHT integer # integer height condition CONDITION string # string condition land_type LAND_TYPE string # string land_type park_name PARK_NAME string # string park_name x X number # decimal x y Y number # decimal y data/downtown_tree_inventory_2013_1.csv csv original/Downtown_Tree_Inventory_2013.cpg original/Downtown_Tree_Inventory_2013.cpg cpg text/plain 5 original/Downtown_Tree_Inventory_2013.dbf original/Downtown_Tree_Inventory_2013.dbf dbf application/dbf 2663093 original/Downtown_Tree_Inventory_2013.prj original/Downtown_Tree_Inventory_2013.prj prj text/plain 583 original/Downtown_Tree_Inventory_2013.sbn original/Downtown_Tree_Inventory_2013.sbn sbn application/x-shapefile 70604 original/Downtown_Tree_Inventory_2013.sbx original/Downtown_Tree_Inventory_2013.sbx sbx application/x-shapefile 4380 original/Downtown_Tree_Inventory_2013.shp original/Downtown_Tree_Inventory_2013.shp shp application/x-shapefile 204360 original/Downtown_Tree_Inventory_2013.shp.xml original/Downtown_Tree_Inventory_2013.shp.xml xml application/xml 107387 original/Downtown_Tree_Inventory_2013.shx original/Downtown_Tree_Inventory_2013.shx shx application/x-shapefile 58460 original/downtown-tree-inventory-2013-1.csv original/downtown-tree-inventory-2013-1.csv csv text/csv 1137225 original/downtown-tree-inventory-2013-2-2.xml original/downtown-tree-inventory-2013-2-2.xml xml application/xml 6061558 downtown @ORGANISM$ inventory central business district cbd arborist urban forest @LOCATION$ and maps"
"Specific regulations are in place relating to @ORGANISM$ ( Crassostrea gigas ) to prevent the introduction of ostreid herpesvirus into certain areas of Ireland and the @LOCATION$ .","entity_pair","NA","Other uncommon sarma preparations were based on lightly toxic taxa , such as potato leaves in NE Albania , leaves of Arum , Convolvulus , and Smilax @ORGANISM$ in Turkey , of Phytolacca americana in Macedonia , and of Tussilago farfara in diverse @LOCATION$ ."
"The model considers that local extinction risk is defined by patch size , and immigration rates by @ENVIRONMENT$ , and that the recovery from local @ORGANISM$ losses depends upon the landscape species pool .","entity_pair","OCCUR_IN","We draw on a spatially-replicated dataset on Atlantic forest small mammals , consisting of 16 sampling sites divided between forests and matrix habitats in each of five 3600-ha landscapes ( varying from 5 % to 45 % @ENVIRONMENT$ cover ) , and on an a priori classification of @ORGANISM$ into habitat requirement categories ( forest specialists , habitat generalists and open-area specialists ) ."
"The model considers that local extinction risk is defined by patch size , and immigration rates by @ENVIRONMENT$ , and that the recovery from local @ORGANISM$ losses depends upon the landscape species pool .","entity_pair","HAVE","There is no enhancement of biological productivity over the MAR ; @ENVIRONMENT$ @ORGANISM$ are replaced by benthic fauna otherwise unable to survive in the mid ocean ."
"The model considers that local extinction risk is defined by patch size , and immigration rates by @ENVIRONMENT$ , and that the recovery from local @ORGANISM$ losses depends upon the landscape species pool .","entity_pair","NA","Here , we employ meta-analysis to provide a quantitative assessment of the effects of changes in land use and land management across a range of successional/extensification transitions ( conventional arable Ã¢â â no or reduced tillage Ã¢â â grassland Ã¢â â @ENVIRONMENT$ ) on community metrics for two functionally important soil taxa , @ORGANISM$ and fungi ."
"The model considers that local extinction risk is defined by patch size , and immigration rates by @ENVIRONMENT$ , and that the recovery from local @ORGANISM$ losses depends upon the landscape species pool .","entity_pair","NA","In a grassland biodiversity experiment , we addressed this gap by assessing @ENVIRONMENT$ decomposer and herbivore communities and linking their abundance and diversity to rates of decomposition and @ORGANISM$ ."
"The model considers that local extinction risk is defined by patch size , and immigration rates by @ENVIRONMENT$ , and that the recovery from local @ORGANISM$ losses depends upon the landscape species pool .","entity_pair","NA","Restoring stable @ENVIRONMENT$ functions also requires multiple @ORGANISM$ ."
"While research often focuses on how variation in @QUALITY$ influences @ENVIRONMENT$ processes , assessing species richness in a food web context can provide further insight into the relationship between diversity and ecosystem functioning and elucidate potential mechanisms underpinning this relationship .","entity_pair","INFLUENCE","The MAR , 3,704,404 km2 in area , accounts for 44.7 % lower bathyal habitat ( 800Ã¢â¬â3500 m depth ) in the North Atlantic and is dominated by fine soft sediment substrate ( 95 % of @QUALITY$ ) on a series of flat terraces with intervening slopes either side of the ridge axis contributing to @ENVIRONMENT$ heterogeneity ."
"While research often focuses on how variation in @QUALITY$ influences @ENVIRONMENT$ processes , assessing species richness in a food web context can provide further insight into the relationship between diversity and ecosystem functioning and elucidate potential mechanisms underpinning this relationship .","entity_pair","HAVE","depth ( lower boundary ) of soil horizon @QUALITY$ ( csa ) , Mass % csa Wikipedia on @ENVIRONMENT$ classification : Engineers , typically geotechnical engineers , classify soils according to their engineering properties as they relate to use for foundation support or building material ."
"While research often focuses on how variation in @QUALITY$ influences @ENVIRONMENT$ processes , assessing species richness in a food web context can provide further insight into the relationship between diversity and ecosystem functioning and elucidate potential mechanisms underpinning this relationship .","entity_pair","NA","Causes , consequences , and perspectives in the variations of intestinal @QUALITY$ of colonization of multidrug-resistant enterobacteria The intestinal microbiota is a complex @ENVIRONMENT$ that hosts 1013 to 1014 bacteria ."
"While research often focuses on how variation in @QUALITY$ influences @ENVIRONMENT$ processes , assessing species richness in a food web context can provide further insight into the relationship between diversity and ecosystem functioning and elucidate potential mechanisms underpinning this relationship .","entity_pair","NA","Given limitations in using organ-level traits to predict ecological performance of species , recent advances using tolerances of low resource availability as plant functional @QUALITY$ are revealing the often hidden roles these factors have in structuring @ENVIRONMENT$ and are becoming central to classifying plants ecologically ."
"While research often focuses on how variation in @QUALITY$ influences @ENVIRONMENT$ processes , assessing species richness in a food web context can provide further insight into the relationship between diversity and ecosystem functioning and elucidate potential mechanisms underpinning this relationship .","entity_pair","NA","The main factors driving climate change vulnerability were low genetic variation , dependence on a particular disturbance regime and reliance on a particular @QUALITY$ regime or @ENVIRONMENT$ ."
"On each @ORGANISM$ , seven leaves on three randomly selected branches from different parts of the @ENVIRONMENT$ ( #ERROR! 21 leaves per tree ) were visually inspected .","entity_pair","OCCUR_IN","The effects of weather on fungal abundance and richness among 25 communities in the Intermountain West Background Because moisture and temperature influence the growth of fungi , characterizing weather conditions favorable for fungi may be used to predict the abundance and richness of @ORGANISM$ in @ENVIRONMENT$ with different climate conditions ."
"On each @ORGANISM$ , seven leaves on three randomly selected branches from different parts of the @ENVIRONMENT$ ( #ERROR! 21 leaves per tree ) were visually inspected .","entity_pair","HAVE","By using trait-based neighbourhood models , we quantified changes in aboveground wood productivity of 3397 trees that were planted in a large-scale @ORGANISM$ diversity experiment in @ENVIRONMENT$ China across gradients of neighbourhood diversity and climatic conditions over a six-year period ."
"On each @ORGANISM$ , seven leaves on three randomly selected branches from different parts of the @ENVIRONMENT$ ( #ERROR! 21 leaves per tree ) were visually inspected .","entity_pair","NA","Plant Diversity Impacts Decomposition and @ORGANISM$ via Changes in Aboveground Arthropods Loss of plant diversity influences essential @ENVIRONMENT$ processes as aboveground productivity , and can have cascading effects on the arthropod communities in adjacent trophic levels ."
"On each @ORGANISM$ , seven leaves on three randomly selected branches from different parts of the @ENVIRONMENT$ ( #ERROR! 21 leaves per tree ) were visually inspected .","entity_pair","NA","Identifying management approaches that maintain native @ORGANISM$ and associated ecological processes within @ENVIRONMENT$ is therefore a priority ."
"On each @ORGANISM$ , seven leaves on three randomly selected branches from different parts of the @ENVIRONMENT$ ( #ERROR! 21 leaves per tree ) were visually inspected .","entity_pair","NA","-- - 6 digit metal tags starting with 3 were also used for woody debris items -- the reference file linking metal tags to tree individual tags is called `` Tree stem reference list for the Comparative Study Sites ( CSPs ) ) Silver ID given by Martin , Anja , or Christian , in this case the tree was considered alive by Martin , and dead by AnjaCSP metal tag number ( @ORGANISM$ , @ENVIRONMENT$ debris ) ."
"Mass % of 8 grain size classes of @MATTER$ < 2 mm from @ENVIRONMENT$ of each soil profile per CSP .","entity_pair","OCCUR_IN","-- d ) Compare species-specific sensitivities to snowbreak as a trait i ) Calculate the likelihood of being subject to snowbreak given the species , size and potentially the relative position using logistic regression ii ) Calculate the likelihood of snag survival ; this requires re-sampling iii ) Estimate the down-slope transport of deadwood pieces iv ) Estimate the time it takes for @MATTER$ to collapse and touch the @ENVIRONMENT$ floor -- -- - File asset Plot_skizze.pdf : plot sketch how the debris objects are selected - File asset sp10 CWD_protocol_Gutianshan_AF_20081215_kn.doc : Inventory protocol , should be included into methods -- -- - 2 ) Objective allometries : use some of the downed or alive trees to establish coarse allometries to estimate volume of the remaining intems"
"Mass % of 8 grain size classes of @MATTER$ < 2 mm from @ENVIRONMENT$ of each soil profile per CSP .","entity_pair","HAVE","@MATTER$ and gravels in ( 2 ) @ENVIRONMENT$ ( e.g . ."
"Mass % of 8 grain size classes of @MATTER$ < 2 mm from @ENVIRONMENT$ of each soil profile per CSP .","entity_pair","NA","( clay : @MATTER$ : < 2ÃŽÂ¼m ) dimensionless real Grain size distribution Wikipedia on @ENVIRONMENT$ classification : Engineers , typically geotechnical engineers , classify soils according to their engineering properties as they relate to use for foundation support or building material ."
"Mass % of 8 grain size classes of @MATTER$ < 2 mm from @ENVIRONMENT$ of each soil profile per CSP .","entity_pair","NA","We used the preservative @MATTER$ added to field collected organisms ( live sorted bulk @ENVIRONMENT$ ) as a source of community DNA for NGS environmental barcoding ."
"Mass % of 8 grain size classes of @MATTER$ < 2 mm from @ENVIRONMENT$ of each soil profile per CSP .","entity_pair","NA","Using a combination of @MATTER$ composition analyses , metagenomics , and whole-genome sequencing , we reveal that the fungus @ENVIRONMENT$ microbiome of leaf-cutter ants is composed of a diverse community of bacteria with high plant biomass-degrading capacity ."
"-- - 6 digit metal tags starting with 3 were also used for @ENVIRONMENT$ debris items -- the reference file linking metal tags to @ORGANISM$ individual tags is called `` Tree stem reference list for the Comparative Study Sites ( CSPs ) ) ( TagMBa original : Silver ID given by Martin , Anja , or Christian , in this case the tree was considered alive by Martin , and dead by AnjaCSP metal tag number ( trees , woody debris ) .","entity_pair","OCCUR_IN","We draw on a spatially-replicated dataset on Atlantic forest small mammals , consisting of 16 sampling sites divided between forests and matrix habitats in each of five 3600-ha landscapes ( varying from 5 % to 45 % @ENVIRONMENT$ cover ) , and on an a priori classification of @ORGANISM$ into habitat requirement categories ( forest specialists , habitat generalists and open-area specialists ) ."
"-- - 6 digit metal tags starting with 3 were also used for @ENVIRONMENT$ debris items -- the reference file linking metal tags to @ORGANISM$ individual tags is called `` Tree stem reference list for the Comparative Study Sites ( CSPs ) ) ( TagMBa original : Silver ID given by Martin , Anja , or Christian , in this case the tree was considered alive by Martin , and dead by AnjaCSP metal tag number ( trees , woody debris ) .","entity_pair","HAVE","There is no enhancement of biological productivity over the MAR ; @ENVIRONMENT$ @ORGANISM$ are replaced by benthic fauna otherwise unable to survive in the mid ocean ."
"-- - 6 digit metal tags starting with 3 were also used for @ENVIRONMENT$ debris items -- the reference file linking metal tags to @ORGANISM$ individual tags is called `` Tree stem reference list for the Comparative Study Sites ( CSPs ) ) ( TagMBa original : Silver ID given by Martin , Anja , or Christian , in this case the tree was considered alive by Martin , and dead by AnjaCSP metal tag number ( trees , woody debris ) .","entity_pair","NA","Here , we employ meta-analysis to provide a quantitative assessment of the effects of changes in land use and land management across a range of successional/extensification transitions ( conventional arable Ã¢â â no or reduced tillage Ã¢â â grassland Ã¢â â @ENVIRONMENT$ ) on community metrics for two functionally important soil taxa , @ORGANISM$ and fungi ."
"-- - 6 digit metal tags starting with 3 were also used for @ENVIRONMENT$ debris items -- the reference file linking metal tags to @ORGANISM$ individual tags is called `` Tree stem reference list for the Comparative Study Sites ( CSPs ) ) ( TagMBa original : Silver ID given by Martin , Anja , or Christian , in this case the tree was considered alive by Martin , and dead by AnjaCSP metal tag number ( trees , woody debris ) .","entity_pair","NA","In a grassland biodiversity experiment , we addressed this gap by assessing @ENVIRONMENT$ decomposer and herbivore communities and linking their abundance and diversity to rates of decomposition and @ORGANISM$ ."
"-- - 6 digit metal tags starting with 3 were also used for @ENVIRONMENT$ debris items -- the reference file linking metal tags to @ORGANISM$ individual tags is called `` Tree stem reference list for the Comparative Study Sites ( CSPs ) ) ( TagMBa original : Silver ID given by Martin , Anja , or Christian , in this case the tree was considered alive by Martin , and dead by AnjaCSP metal tag number ( trees , woody debris ) .","entity_pair","NA","Restoring stable @ENVIRONMENT$ functions also requires multiple @ORGANISM$ ."
"Ways to quantify @PHENOMENA$ : @QUALITY$ open field ( collecting bottle ) mmmeasured by a rainfall collecting bottle ; rainfall amount open field ( vaisala ) mmmeasured by the vaisala sensor -- - average rainfall intensity open field ( vaisala ) mm/hmeasured by the vaisala sensor -- - peak rainfall intensity open field ( vaisala ) mm/hmeasured by the vaisala sensor -- - average of the five highest five minute intensities open field ( vaisala ) measured by the vaisala sensor -- - rainfall amount ( tipping-bucket ) mmmeasured by the tipping-bucket rain gauge -- - average rainfall intensity ( tipping-bucket ) mm/hmeasured by the tipping-bucket rain gauge -- - peak rainfall intensity ( tipping-bucket ) mm/hmeasured by the tipping-bucket rain gauge rainfall amount open field ( vaisala ) mm -- rainfall amount ( vaisala ) -- measured by the vaisala sensor Precipitation ( int_v ) , millimeter per hour int_v Precipitation measured at the climate station or locally within sites .","entity_pair","INFLUENCE","Overall , positive net biodiversity effects were strongest during @PHENOMENA$ and increased with increasing @QUALITY$ of neighbours ."
"Ways to quantify @PHENOMENA$ : @QUALITY$ open field ( collecting bottle ) mmmeasured by a rainfall collecting bottle ; rainfall amount open field ( vaisala ) mmmeasured by the vaisala sensor -- - average rainfall intensity open field ( vaisala ) mm/hmeasured by the vaisala sensor -- - peak rainfall intensity open field ( vaisala ) mm/hmeasured by the vaisala sensor -- - average of the five highest five minute intensities open field ( vaisala ) measured by the vaisala sensor -- - rainfall amount ( tipping-bucket ) mmmeasured by the tipping-bucket rain gauge -- - average rainfall intensity ( tipping-bucket ) mm/hmeasured by the tipping-bucket rain gauge -- - peak rainfall intensity ( tipping-bucket ) mm/hmeasured by the tipping-bucket rain gauge rainfall amount open field ( vaisala ) mm -- rainfall amount ( vaisala ) -- measured by the vaisala sensor Precipitation ( int_v ) , millimeter per hour int_v Precipitation measured at the climate station or locally within sites .","entity_pair","HAVE","Ways to quantify @PHENOMENA$ : @QUALITY$ open field ( collecting bottle ) mmmeasured by a rainfall collecting bottle ; rainfall amount open field ( vaisala ) mmmeasured by the vaisala sensor -- - average rainfall intensity open field ( vaisala ) mm/hmeasured by the vaisala sensor -- - peak rainfall intensity open field ( vaisala ) mm/hmeasured by the vaisala sensor -- - average of the five highest five minute intensities open field ( vaisala ) measured by the vaisala sensor -- - rainfall amount ( tipping-bucket ) mmmeasured by the tipping-bucket rain gauge -- - average rainfall intensity ( tipping-bucket ) mm/hmeasured by the tipping-bucket rain gauge -- - peak rainfall intensity ( tipping-bucket ) mm/hmeasured by the tipping-bucket rain gauge ( top5_t : average of the five highest five minute intensities ( tipping-bucket ) -- average of the five highest five minute intensities ( tipping-bucket ) -- measured by the tipping-bucket rain gauge ) dimensionless real Precipitation Precipitation measured at the climate station or locally within sites ."
"Ways to quantify @PHENOMENA$ : @QUALITY$ open field ( collecting bottle ) mmmeasured by a rainfall collecting bottle ; rainfall amount open field ( vaisala ) mmmeasured by the vaisala sensor -- - average rainfall intensity open field ( vaisala ) mm/hmeasured by the vaisala sensor -- - peak rainfall intensity open field ( vaisala ) mm/hmeasured by the vaisala sensor -- - average of the five highest five minute intensities open field ( vaisala ) measured by the vaisala sensor -- - rainfall amount ( tipping-bucket ) mmmeasured by the tipping-bucket rain gauge -- - average rainfall intensity ( tipping-bucket ) mm/hmeasured by the tipping-bucket rain gauge -- - peak rainfall intensity ( tipping-bucket ) mm/hmeasured by the tipping-bucket rain gauge rainfall amount open field ( vaisala ) mm -- rainfall amount ( vaisala ) -- measured by the vaisala sensor Precipitation ( int_v ) , millimeter per hour int_v Precipitation measured at the climate station or locally within sites .","entity_pair","NA","( loss_o : average sandloss open field g m-2 -- -- ) real Deriving kinetic energy from @PHENOMENA$ @QUALITY$ is derived from sand loss out of splashcups ."
"Ways to quantify @PHENOMENA$ : @QUALITY$ open field ( collecting bottle ) mmmeasured by a rainfall collecting bottle ; rainfall amount open field ( vaisala ) mmmeasured by the vaisala sensor -- - average rainfall intensity open field ( vaisala ) mm/hmeasured by the vaisala sensor -- - peak rainfall intensity open field ( vaisala ) mm/hmeasured by the vaisala sensor -- - average of the five highest five minute intensities open field ( vaisala ) measured by the vaisala sensor -- - rainfall amount ( tipping-bucket ) mmmeasured by the tipping-bucket rain gauge -- - average rainfall intensity ( tipping-bucket ) mm/hmeasured by the tipping-bucket rain gauge -- - peak rainfall intensity ( tipping-bucket ) mm/hmeasured by the tipping-bucket rain gauge rainfall amount open field ( vaisala ) mm -- rainfall amount ( vaisala ) -- measured by the vaisala sensor Precipitation ( int_v ) , millimeter per hour int_v Precipitation measured at the climate station or locally within sites .","entity_pair","NA","Forests are hot beds of malaria transmission as they provide conditions such as vegetation cover , temperature , @PHENOMENA$ and @QUALITY$ that are conducive to distribution and survival of malaria vectors ."
"Ways to quantify @PHENOMENA$ : @QUALITY$ open field ( collecting bottle ) mmmeasured by a rainfall collecting bottle ; rainfall amount open field ( vaisala ) mmmeasured by the vaisala sensor -- - average rainfall intensity open field ( vaisala ) mm/hmeasured by the vaisala sensor -- - peak rainfall intensity open field ( vaisala ) mm/hmeasured by the vaisala sensor -- - average of the five highest five minute intensities open field ( vaisala ) measured by the vaisala sensor -- - rainfall amount ( tipping-bucket ) mmmeasured by the tipping-bucket rain gauge -- - average rainfall intensity ( tipping-bucket ) mm/hmeasured by the tipping-bucket rain gauge -- - peak rainfall intensity ( tipping-bucket ) mm/hmeasured by the tipping-bucket rain gauge rainfall amount open field ( vaisala ) mm -- rainfall amount ( vaisala ) -- measured by the vaisala sensor Precipitation ( int_v ) , millimeter per hour int_v Precipitation measured at the climate station or locally within sites .","entity_pair","NA","Ways to quantify @PHENOMENA$ : rainfall amount open field ( collecting bottle ) mmmeasured by a rainfall collecting bottle ; @QUALITY$ open field ( vaisala ) mmmeasured by the vaisala sensor -- - average rainfall intensity open field ( vaisala ) mm/hmeasured by the vaisala sensor -- - peak rainfall intensity open field ( vaisala ) mm/hmeasured by the vaisala sensor -- - average of the five highest five minute intensities open field ( vaisala ) measured by the vaisala sensor -- - rainfall amount ( tipping-bucket ) mmmeasured by the tipping-bucket rain gauge -- - average rainfall intensity ( tipping-bucket ) mm/hmeasured by the tipping-bucket rain gauge -- - peak rainfall intensity ( tipping-bucket ) mm/hmeasured by the tipping-bucket rain gauge ( thoughfall_mm : Throughfall as measured by the throughfall collecting bottles ) millimeter real Precipitation Precipitation measured at the climate station or locally within sites ."
"The effects of weather on fungal abundance and @QUALITY$ among 25 communities in the Intermountain West Background Because moisture and temperature influence the @PHENOMENA$ of fungi , characterizing weather conditions favorable for fungi may be used to predict the abundance and richness of fungi in habitats with different climate conditions .","entity_pair","INFLUENCE","Our meta-analysis shows a significant decline of the diversity and @QUALITY$ invertebrates in response to @PHENOMENA$ with anecic and endogeic earthworms causing the strongest effects . ."
"The effects of weather on fungal abundance and @QUALITY$ among 25 communities in the Intermountain West Background Because moisture and temperature influence the @PHENOMENA$ of fungi , characterizing weather conditions favorable for fungi may be used to predict the abundance and richness of fungi in habitats with different climate conditions .","entity_pair","HAVE","-- - The climate at Gutianshan NNR is warm and @QUALITY$ with a @PHENOMENA$ in November and December and with warm summers ( Fig ."
"The effects of weather on fungal abundance and @QUALITY$ among 25 communities in the Intermountain West Background Because moisture and temperature influence the @PHENOMENA$ of fungi , characterizing weather conditions favorable for fungi may be used to predict the abundance and richness of fungi in habitats with different climate conditions .","entity_pair","NA","Ways to quantify precipitation : rainfall amount open field ( collecting bottle ) mmmeasured by a rainfall collecting bottle ; rainfall amount open field ( vaisala ) mmmeasured by the vaisala sensor -- - average rainfall intensity open field ( vaisala ) mm/hmeasured by the vaisala sensor -- - peak rainfall intensity open field ( vaisala ) mm/hmeasured by the vaisala sensor -- - average of the five highest five minute intensities open field ( vaisala ) measured by the vaisala sensor -- - rainfall amount ( tipping-bucket ) mmmeasured by the tipping-bucket rain gauge -- - average rainfall intensity ( tipping-bucket ) mm/hmeasured by the tipping-bucket rain gauge -- - @QUALITY$ ( tipping-bucket ) mm/hmeasured by the tipping-bucket rain gauge ( thoughfall_mm : Throughfall as measured by the @PHENOMENA$ collecting bottles ) millimeter real Precipitation Precipitation measured at the climate station or locally within sites ."
"The effects of weather on fungal abundance and @QUALITY$ among 25 communities in the Intermountain West Background Because moisture and temperature influence the @PHENOMENA$ of fungi , characterizing weather conditions favorable for fungi may be used to predict the abundance and richness of fungi in habitats with different climate conditions .","entity_pair","NA","Policies that promote @QUALITY$ efficiency or conservation in the electric sector would reduce water withdrawn/manipulated by 27Ã¢â¬â36 m3GJÃ¢Ëâ1 ( 0.1Ã¢â¬â0.5 m3GJÃ¢Ëâ1 @PHENOMENA$ ) , while such policies in the liquid fuel sector would reduce withdrawal/manipulation by 0.4Ã¢â¬â0.7 m3GJÃ¢Ëâ1 ( 0.2Ã¢â¬â0.3 m3GJÃ¢Ëâ1 consumption ) ."
"The effects of weather on fungal abundance and @QUALITY$ among 25 communities in the Intermountain West Background Because moisture and temperature influence the @PHENOMENA$ of fungi , characterizing weather conditions favorable for fungi may be used to predict the abundance and richness of fungi in habitats with different climate conditions .","entity_pair","NA","Objectives were : Collect soil samples via stratified random sampling for composition analysis ; consult horticultural specialists to determine the best locations to outplant specific native plant species ; propagate 3 native Hawaiian plant species ( Cyperus pennatiformes , Chenopodium oahuense , Santalum ellipticum ) on Laysan Island in abundance and out-plant in the recommended @QUALITY$ during the @PHENOMENA$ of 2012 to test horticulturist recommendations ."
"( abun : Observed @QUALITY$ of caterpillars ) dimensionless real @ORGANISM$ count Counting the individuals of a given taxon , also called abundance .","entity_pair","HAVE","We measured above- and below-ground carbon stocks as well as the @QUALITY$ of four groups of plants and eight of @ORGANISM$ on 14 representative plots in Sulawesi , Indonesia , ranging from natural rainforest to cacao agroforests that have replaced former natural forest ."
"( abun : Observed @QUALITY$ of caterpillars ) dimensionless real @ORGANISM$ count Counting the individuals of a given taxon , also called abundance .","entity_pair","INFLUENCE","Using a combination of @QUALITY$ analyses , metagenomics , and whole-genome sequencing , we reveal that the fungus garden microbiome of leaf-cutter @ORGANISM$ is composed of a diverse community of bacteria with high plant biomass-degrading capacity ."
"( abun : Observed @QUALITY$ of caterpillars ) dimensionless real @ORGANISM$ count Counting the individuals of a given taxon , also called abundance .","entity_pair","NA","Here we analyse patterns of marine mammal @QUALITY$ based on predictions of global distributional ranges for 115 @ORGANISM$ , including all extant pinnipeds and cetaceans ."
"( abun : Observed @QUALITY$ of caterpillars ) dimensionless real @ORGANISM$ count Counting the individuals of a given taxon , also called abundance .","entity_pair","NA","We tested speciesspecific differences of crown area , @QUALITY$ and stem inclination using a mixed effects model with @ORGANISM$ as fixed effect and plot as random effect ."
"( abun : Observed @QUALITY$ of caterpillars ) dimensionless real @ORGANISM$ count Counting the individuals of a given taxon , also called abundance .","entity_pair","NA","Mind that the azimuth may have to be corrected given the date and location , since it depends on the magnetic field of the earth.CSP metal tag number ( trees , woody debris ) ; Datagroup description : CSP metal tag number ( trees , @QUALITY$ debris ) ; Datagroup description : CSP @ORGANISM$ individuals were marked mostly with metal tags but also additional tags were used ."
"The City of Austin s @PHENOMENA$ Prioritization serves as a decision support tool for locating tree planting sites for @LOCATION$ s October through March tree planting season .","entity_pair","OCCUR_IN","Around the Gutianshan NRR @PHENOMENA$ has occurred during the Great Leap Forward in the 1950s , as in most parts of @LOCATION$ ."
"The City of Austin s @PHENOMENA$ Prioritization serves as a decision support tool for locating tree planting sites for @LOCATION$ s October through March tree planting season .","entity_pair","OCCUR_IN","Sand-filled splash cups were used to study the erosivity of @PHENOMENA$ and throughfall in the humid subtropics of @LOCATION$ in spring and summer 2010 ."
"The City of Austin s @PHENOMENA$ Prioritization serves as a decision support tool for locating tree planting sites for @LOCATION$ s October through March tree planting season .","entity_pair","NA","CSPs : Kinetic energy of raindrops in the CSPs : characteristics of @PHENOMENA$ Thomas Scholten Peter KÃƒÂ¼hn Institute of Geography / Laboratory for Soil Science and Geoecology Eberhard Karls University @LOCATION$ ."
"The City of Austin s @PHENOMENA$ Prioritization serves as a decision support tool for locating tree planting sites for @LOCATION$ s October through March tree planting season .","entity_pair","NA","Insect @PHENOMENA$ and self-incompatibility in edible and/or medicinal crops in southwestern @LOCATION$ , a global hotspot of biodiversity ."
"The City of Austin s @PHENOMENA$ Prioritization serves as a decision support tool for locating tree planting sites for @LOCATION$ s October through March tree planting season .","entity_pair","NA","geological-surv_8fefeaa1-0632-46ac-bbc0-6f03393f360c GSI GEMAS European Geochemical Soil Analysis GSI GEMAS European Geochemical Soil Analysis The GEMAS dataset is based on low density geochemical sampling of @PHENOMENA$ ( Ap ) and grassland ( Gr ) soils across 34 @LOCATION$ ."
"Almost half of the threatened species assessed were considered vulnerable to the impacts of @PHENOMENA$ : amphibians being the most vulnerable group , followed by plants , reptiles , mammals and @ORGANISM$ .","entity_pair","INFLUENCE","Almost half of the threatened species assessed were considered vulnerable to the impacts of @PHENOMENA$ : @ORGANISM$ being the most vulnerable group , followed by plants , reptiles , mammals and birds ."
"Almost half of the threatened species assessed were considered vulnerable to the impacts of @PHENOMENA$ : amphibians being the most vulnerable group , followed by plants , reptiles , mammals and @ORGANISM$ .","entity_pair","OCCUR_IN","Given the recent interest in cellulosic biofuels , understanding how large-scale and rapid plant @PHENOMENA$ occurs in a highly evolved insect @ORGANISM$ is of particular relevance for bioenergy ."
"Almost half of the threatened species assessed were considered vulnerable to the impacts of @PHENOMENA$ : amphibians being the most vulnerable group , followed by plants , reptiles , mammals and @ORGANISM$ .","entity_pair","NA","Relationship between Reproductive Allocation and Relative Abundance among 32 Species of a Tibetan Alpine Meadow : Effects of @PHENOMENA$ and Grazing Background Understanding the relationship between @ORGANISM$ traits and species abundance is an important goal in ecology and biodiversity science ."
"Almost half of the threatened species assessed were considered vulnerable to the impacts of @PHENOMENA$ : amphibians being the most vulnerable group , followed by plants , reptiles , mammals and @ORGANISM$ .","entity_pair","NA","At present , habitat loss and degradation , followed by fishing impacts , pollution , @PHENOMENA$ , eutrophication , and the establishment of alien @ORGANISM$ are the most important threats and affect the greatest number of taxonomic groups ."
"Almost half of the threatened species assessed were considered vulnerable to the impacts of @PHENOMENA$ : amphibians being the most vulnerable group , followed by plants , reptiles , mammals and @ORGANISM$ .","entity_pair","NA","Since future increases in energy-sector surface @PHENOMENA$ will occur in areas of high @ORGANISM$ endemism ( e.g. , Southeast ) , additional management and policy actions will be needed to minimize further species imperilment ."
"Ways to quantify @PHENOMENA$ : rainfall amount open @ENVIRONMENT$ ( collecting bottle ) mmmeasured by a rainfall collecting bottle ; rainfall amount open field ( vaisala ) mmmeasured by the vaisala sensor -- - average rainfall intensity open field ( vaisala ) mm/hmeasured by the vaisala sensor -- - peak rainfall intensity open field ( vaisala ) mm/hmeasured by the vaisala sensor -- - average of the five highest five minute intensities open field ( vaisala ) measured by the vaisala sensor -- - rainfall amount ( tipping-bucket ) mmmeasured by the tipping-bucket rain gauge -- - average rainfall intensity ( tipping-bucket ) mm/hmeasured by the tipping-bucket rain gauge -- - peak rainfall intensity ( tipping-bucket ) mm/hmeasured by the tipping-bucket rain gauge rainfall amount ( tipping-bucket ) mm -- rainfall amount ( tipping-bucket ) -- measured by the tipping-bucket rain gauge Precipitation ( int_t ) , millimeter per hour int_t Precipitation measured at the climate station or locally within sites .","entity_pair","OCCUR_IN","Sand-filled splash cups were used to study the erosivity of @PHENOMENA$ and throughfall in the @ENVIRONMENT$ of southeast China in spring and summer 2010 ."
"Ways to quantify @PHENOMENA$ : rainfall amount open @ENVIRONMENT$ ( collecting bottle ) mmmeasured by a rainfall collecting bottle ; rainfall amount open field ( vaisala ) mmmeasured by the vaisala sensor -- - average rainfall intensity open field ( vaisala ) mm/hmeasured by the vaisala sensor -- - peak rainfall intensity open field ( vaisala ) mm/hmeasured by the vaisala sensor -- - average of the five highest five minute intensities open field ( vaisala ) measured by the vaisala sensor -- - rainfall amount ( tipping-bucket ) mmmeasured by the tipping-bucket rain gauge -- - average rainfall intensity ( tipping-bucket ) mm/hmeasured by the tipping-bucket rain gauge -- - peak rainfall intensity ( tipping-bucket ) mm/hmeasured by the tipping-bucket rain gauge rainfall amount ( tipping-bucket ) mm -- rainfall amount ( tipping-bucket ) -- measured by the tipping-bucket rain gauge Precipitation ( int_t ) , millimeter per hour int_t Precipitation measured at the climate station or locally within sites .","entity_pair","INFLUENCE","Using monocultures of ten and seven tree species , respectively planted at two different sites , juveniles of all species were grown in their own ( home ) and in all other monocultures ( away ) , thereby testing for distance effect , just as in three different levels of planting density , testing for density effects ( see `` Main Experiment : Seedling addition experiment - growth and biomass data data for further details ) In addition , we repeated a similar set-up in a nearby common garden experiment , where we added a shadow shadow @PHENOMENA$ to simulate different light conditions induced by the @ENVIRONMENT$ ."
"Ways to quantify @PHENOMENA$ : rainfall amount open @ENVIRONMENT$ ( collecting bottle ) mmmeasured by a rainfall collecting bottle ; rainfall amount open field ( vaisala ) mmmeasured by the vaisala sensor -- - average rainfall intensity open field ( vaisala ) mm/hmeasured by the vaisala sensor -- - peak rainfall intensity open field ( vaisala ) mm/hmeasured by the vaisala sensor -- - average of the five highest five minute intensities open field ( vaisala ) measured by the vaisala sensor -- - rainfall amount ( tipping-bucket ) mmmeasured by the tipping-bucket rain gauge -- - average rainfall intensity ( tipping-bucket ) mm/hmeasured by the tipping-bucket rain gauge -- - peak rainfall intensity ( tipping-bucket ) mm/hmeasured by the tipping-bucket rain gauge rainfall amount ( tipping-bucket ) mm -- rainfall amount ( tipping-bucket ) -- measured by the tipping-bucket rain gauge Precipitation ( int_t ) , millimeter per hour int_t Precipitation measured at the climate station or locally within sites .","entity_pair","NA","Indicators : Access to electricity , Adjusted savings , Agricultural land , Agricultural methane emissions , Agricultural nitrous oxide emissions , Arable land , Bird species , CO2 emissions , CO2 emissions from gaseous fuel consumption , CO2 emissions from liquid fuel consumption , CO2 emissions from solid fuel consumption , Capture fisheries production , Coal rents , @PHENOMENA$ , Fish species , Forest area , Forest rents , Land area , @ENVIRONMENT$ where elevation is below 5 meters , Mammal species , Marine protected areas , Methane emissions , Methane emissions in energy sector , Mineral rents , Natural gas rents , Nitrous oxide emissions , Nitrous oxide emissions in energy sector , Oil rents , PM2.5 air pollution , People practicing open defecation , People using at least basic drinking water services , People using at least basic sanitation services , People using safely managed drinking water services , People using safely managed sanitation services , Plant species , Population living in areas where elevation is below 5 meters , Renewable electricity output , Renewable energy consumption , Renewable internal freshwater resources , Renewable internal freshwater resources per capita , Rural land area , Rural land area where elevation is below 5 meters , Rural population living in areas where elevation is below 5 meters , Surface area , Terrestrial and marine protected areas , Terrestrial protected areas , Total fisheries production , Total natural resources rents , Urban land area , Urban land area where elevation is below 5 meters , Urban population living in areas where elevation is below 5 meters Methodology - Registry Source : Last updated at : ######## License - Creative Commons Attribution International CC-BY environment_indicators_for_greenland_1 country_name Country Name string # string country_name country_iso3 Country ISO3 string # string country_iso3 year Year gyear # gYear year indicator_name Indicator Name string # string indicator_name indicator_code Indicator Code string # string indicator_code value Value number # decimal value data/environment_indicators_for_greenland_1.csv csv original/environment-indicators-for-greenland-1.csv original/environment-indicators-for-greenland-1.csv csv text/csv 211273 environment hxl indicators greenland"
"Ways to quantify @PHENOMENA$ : rainfall amount open @ENVIRONMENT$ ( collecting bottle ) mmmeasured by a rainfall collecting bottle ; rainfall amount open field ( vaisala ) mmmeasured by the vaisala sensor -- - average rainfall intensity open field ( vaisala ) mm/hmeasured by the vaisala sensor -- - peak rainfall intensity open field ( vaisala ) mm/hmeasured by the vaisala sensor -- - average of the five highest five minute intensities open field ( vaisala ) measured by the vaisala sensor -- - rainfall amount ( tipping-bucket ) mmmeasured by the tipping-bucket rain gauge -- - average rainfall intensity ( tipping-bucket ) mm/hmeasured by the tipping-bucket rain gauge -- - peak rainfall intensity ( tipping-bucket ) mm/hmeasured by the tipping-bucket rain gauge rainfall amount ( tipping-bucket ) mm -- rainfall amount ( tipping-bucket ) -- measured by the tipping-bucket rain gauge Precipitation ( int_t ) , millimeter per hour int_t Precipitation measured at the climate station or locally within sites .","entity_pair","NA","Source : Last updated at : ######## [ More about U.S. Government Works ] ( Public Domain us_isobioclimate_1km_dd83_img_vat value Value number # decimal value count Count number # decimal count red Red number # decimal red green Green number # decimal green blue Blue number # decimal blue opacity Opacity number # decimal opacity data/us_isobioclimate_1km_dd83_img_vat.csv csv original/pdf-file-5.pdf original/pdf-file-5.pdf pdf application/pdf 49486360 original/resource_links.md original/resource_links.md md text/markdown 309 original/us_isobioclimate_1km_dd83.img original/us_isobioclimate_1km_dd83.img img application/x-erdas-hfa 21365980 original/us_isobioclimate_1km_dd83.img.vat.dbf original/us_isobioclimate_1km_dd83.img.vat.dbf dbf application/dbf 13666 original/us_isobioclimate_1km_dd83.rrd original/us_isobioclimate_1km_dd83.rrd rrd application/x-erdas-hfa 2004825 original/us_lithology_1km_dd83.img original/us_lithology_1km_dd83.img img application/x-erdas-hfa 18698983 original/us_lithology_1km_dd83.rrd original/us_lithology_1km_dd83.rrd rrd application/x-erdas-hfa 1733048 @PHENOMENA$ @ENVIRONMENT$ environment geo geoss texture thickness usgs"
"Ways to quantify @PHENOMENA$ : rainfall amount open @ENVIRONMENT$ ( collecting bottle ) mmmeasured by a rainfall collecting bottle ; rainfall amount open field ( vaisala ) mmmeasured by the vaisala sensor -- - average rainfall intensity open field ( vaisala ) mm/hmeasured by the vaisala sensor -- - peak rainfall intensity open field ( vaisala ) mm/hmeasured by the vaisala sensor -- - average of the five highest five minute intensities open field ( vaisala ) measured by the vaisala sensor -- - rainfall amount ( tipping-bucket ) mmmeasured by the tipping-bucket rain gauge -- - average rainfall intensity ( tipping-bucket ) mm/hmeasured by the tipping-bucket rain gauge -- - peak rainfall intensity ( tipping-bucket ) mm/hmeasured by the tipping-bucket rain gauge rainfall amount ( tipping-bucket ) mm -- rainfall amount ( tipping-bucket ) -- measured by the tipping-bucket rain gauge Precipitation ( int_t ) , millimeter per hour int_t Precipitation measured at the climate station or locally within sites .","entity_pair","NA","Indicators : Access to clean fuels and technologies for cooking , Access to electricity , Adjusted net savings , Adjusted savings , Agricultural land , Agricultural methane emissions , Agricultural nitrous oxide emissions , Annual freshwater withdrawals , @PHENOMENA$ , @ENVIRONMENT$ , Average precipitation in depth , Bird species , CO2 emissions , CO2 emissions from electricity and heat production , CO2 emissions from gaseous fuel consumption , CO2 emissions from liquid fuel consumption , CO2 emissions from manufacturing industries and construction , CO2 emissions from other sectors , CO2 emissions from residential buildings and commercial and public services , CO2 emissions from solid fuel consumption , CO2 emissions from transport , CO2 intensity , Capture fisheries production , Coal rents , Disaster risk reduction progress score , Droughts , Electricity production from oil , Electricity production from renewable sources , Energy intensity level of primary energy , Energy related methane emissions , Fish species , Forest area , Forest rents , GHG net emissions/removals by LUCF , HFC gas emissions , Land area , Land area where elevation is below 5 meters , Mammal species , Marine protected areas , Methane emissions , Methane emissions in energy sector , Mineral rents , Mortality rate attributed to household and ambient air pollution , Mortality rate attributed to unintentional poisoning , Mortality rate attributed to unsafe water , Natural gas rents , Nitrous oxide emissions , Nitrous oxide emissions in energy sector , Oil rents , Other greenhouse gas emissions , PFC gas emissions , PM2.5 air pollution , People practicing open defecation , People using at least basic drinking water services , People using at least basic sanitation services , People using safely managed drinking water services , People using safely managed sanitation services , People with basic handwashing facilities including soap and water , Plant species , Population living in areas where elevation is below 5 meters , Population living in slums , Renewable electricity output , Renewable energy consumption , Renewable internal freshwater resources , Renewable internal freshwater resources per capita , Rural land area , Rural land area where elevation is below 5 meters , Rural population living in areas where elevation is below 5 meters , SF6 gas emissions , Surface area , Terrestrial and marine protected areas , Terrestrial protected areas , Total fisheries production , Total greenhouse gas emissions , Total natural resources rents , Urban land area , Urban land area where elevation is below 5 meters , Urban population living in areas where elevation is below 5 meters , Water productivity Methodology - Registry Source : Last updated at : ######## License - Creative Commons Attribution International CC-BY environment_indicators_for_india_1 country_name Country Name string # string country_name country_iso3 Country ISO3 string # string country_iso3 year Year gyear # gYear year indicator_name Indicator Name string # string indicator_name indicator_code Indicator Code string # string indicator_code value Value number # decimal value data/environment_indicators_for_india_1.csv csv original/environment-indicators-for-india-1.csv original/environment-indicators-for-india-1.csv csv text/csv 375066 environment hxl indicators india"
"Helper ( comment Karin ) , dimensionless comment Karin Helper column to understand other columns in this data set ( comment Karin : comment on the whole row ; Datagroup description : Helper ) Helper column to understand other columns in this data set Helper Helper column to understand other columns in this data set comment on the whole row ; Datagroup description : Helper @QUALITY$ at breast height ( meandbh ) , centimeter meandbh Diameter of a @ORGANISM$ , measured at 1.3 m height ( meandbh : merging the dbh column the extrapolated dbh column ( dbhpostmean ) ; Diameter at breast height ; ; Instrumentation : diameter tape , calliper ( derived from datagroup ) ; Instrumentation : diameter tape , calliper ( derived from datagroup ) ) dimensionless real Diameter at breast height Diameter of a tree , measured at 1.3 m height merging the dbh column the extrapolated dbh column ( dbhpostmean ) ; Diameter at breast height ; ; Instrumentation : diameter tape , calliper ( derived from datagroup ) ; Instrumentation : diameter tape , calliper ( derived from datagroup ) diameter tape , calliper Helper ( meanGr10 ) , dimensionless meanGr10 Helper column to understand other columns in this data set ( meanGr10 : Indicating if the dbh ( measured or extrapolated ) is greater than 10cm and should be considered in volume estimation in the central and outer subplots.Helper ; Datagroup description : Helper ) Helper column to understand other columns in this data set Helper Helper column to understand other columns in this data set Indicating if the dbh ( measured or extrapolated ) is greater than 10cm and should be considered in volume estimation in the central and outer subplots.Helper ; Datagroup description : Helper Helper ( meanSm10Cn ) , dimensionless meanSm10Cn Helper column to understand other columns in this data set ( meanSm10Cn : Indicating if the dbh ( measured or extrapolated ) is smaller then 10cm and thus schould only considered in volume estimation of the central subplotHelper ; Datagroup description : Helper ) Helper column to understand other columns in this data set Helper Helper column to understand other columns in this data set Indicating if the dbh ( measured or extrapolated ) is smaller then 10cm and thus schould only considered in volume estimation of the central subplotHelper ; Datagroup description : Helper Helper ( ice_storm_representative ) , ice_storm_representative Helper column to understand other columns in this data set ( ice_storm_representative : Indicator for trees that can be considered dead because of the ice storm .","entity_pair","HAVE","We measured above- and below-ground carbon stocks as well as the @QUALITY$ of four groups of plants and eight of @ORGANISM$ on 14 representative plots in Sulawesi , Indonesia , ranging from natural rainforest to cacao agroforests that have replaced former natural forest ."
"Helper ( comment Karin ) , dimensionless comment Karin Helper column to understand other columns in this data set ( comment Karin : comment on the whole row ; Datagroup description : Helper ) Helper column to understand other columns in this data set Helper Helper column to understand other columns in this data set comment on the whole row ; Datagroup description : Helper @QUALITY$ at breast height ( meandbh ) , centimeter meandbh Diameter of a @ORGANISM$ , measured at 1.3 m height ( meandbh : merging the dbh column the extrapolated dbh column ( dbhpostmean ) ; Diameter at breast height ; ; Instrumentation : diameter tape , calliper ( derived from datagroup ) ; Instrumentation : diameter tape , calliper ( derived from datagroup ) ) dimensionless real Diameter at breast height Diameter of a tree , measured at 1.3 m height merging the dbh column the extrapolated dbh column ( dbhpostmean ) ; Diameter at breast height ; ; Instrumentation : diameter tape , calliper ( derived from datagroup ) ; Instrumentation : diameter tape , calliper ( derived from datagroup ) diameter tape , calliper Helper ( meanGr10 ) , dimensionless meanGr10 Helper column to understand other columns in this data set ( meanGr10 : Indicating if the dbh ( measured or extrapolated ) is greater than 10cm and should be considered in volume estimation in the central and outer subplots.Helper ; Datagroup description : Helper ) Helper column to understand other columns in this data set Helper Helper column to understand other columns in this data set Indicating if the dbh ( measured or extrapolated ) is greater than 10cm and should be considered in volume estimation in the central and outer subplots.Helper ; Datagroup description : Helper Helper ( meanSm10Cn ) , dimensionless meanSm10Cn Helper column to understand other columns in this data set ( meanSm10Cn : Indicating if the dbh ( measured or extrapolated ) is smaller then 10cm and thus schould only considered in volume estimation of the central subplotHelper ; Datagroup description : Helper ) Helper column to understand other columns in this data set Helper Helper column to understand other columns in this data set Indicating if the dbh ( measured or extrapolated ) is smaller then 10cm and thus schould only considered in volume estimation of the central subplotHelper ; Datagroup description : Helper Helper ( ice_storm_representative ) , ice_storm_representative Helper column to understand other columns in this data set ( ice_storm_representative : Indicator for trees that can be considered dead because of the ice storm .","entity_pair","INFLUENCE","Using a combination of @QUALITY$ analyses , metagenomics , and whole-genome sequencing , we reveal that the fungus garden microbiome of leaf-cutter @ORGANISM$ is composed of a diverse community of bacteria with high plant biomass-degrading capacity ."
"Helper ( comment Karin ) , dimensionless comment Karin Helper column to understand other columns in this data set ( comment Karin : comment on the whole row ; Datagroup description : Helper ) Helper column to understand other columns in this data set Helper Helper column to understand other columns in this data set comment on the whole row ; Datagroup description : Helper @QUALITY$ at breast height ( meandbh ) , centimeter meandbh Diameter of a @ORGANISM$ , measured at 1.3 m height ( meandbh : merging the dbh column the extrapolated dbh column ( dbhpostmean ) ; Diameter at breast height ; ; Instrumentation : diameter tape , calliper ( derived from datagroup ) ; Instrumentation : diameter tape , calliper ( derived from datagroup ) ) dimensionless real Diameter at breast height Diameter of a tree , measured at 1.3 m height merging the dbh column the extrapolated dbh column ( dbhpostmean ) ; Diameter at breast height ; ; Instrumentation : diameter tape , calliper ( derived from datagroup ) ; Instrumentation : diameter tape , calliper ( derived from datagroup ) diameter tape , calliper Helper ( meanGr10 ) , dimensionless meanGr10 Helper column to understand other columns in this data set ( meanGr10 : Indicating if the dbh ( measured or extrapolated ) is greater than 10cm and should be considered in volume estimation in the central and outer subplots.Helper ; Datagroup description : Helper ) Helper column to understand other columns in this data set Helper Helper column to understand other columns in this data set Indicating if the dbh ( measured or extrapolated ) is greater than 10cm and should be considered in volume estimation in the central and outer subplots.Helper ; Datagroup description : Helper Helper ( meanSm10Cn ) , dimensionless meanSm10Cn Helper column to understand other columns in this data set ( meanSm10Cn : Indicating if the dbh ( measured or extrapolated ) is smaller then 10cm and thus schould only considered in volume estimation of the central subplotHelper ; Datagroup description : Helper ) Helper column to understand other columns in this data set Helper Helper column to understand other columns in this data set Indicating if the dbh ( measured or extrapolated ) is smaller then 10cm and thus schould only considered in volume estimation of the central subplotHelper ; Datagroup description : Helper Helper ( ice_storm_representative ) , ice_storm_representative Helper column to understand other columns in this data set ( ice_storm_representative : Indicator for trees that can be considered dead because of the ice storm .","entity_pair","NA","Here we analyse patterns of marine mammal @QUALITY$ based on predictions of global distributional ranges for 115 @ORGANISM$ , including all extant pinnipeds and cetaceans ."
"Helper ( comment Karin ) , dimensionless comment Karin Helper column to understand other columns in this data set ( comment Karin : comment on the whole row ; Datagroup description : Helper ) Helper column to understand other columns in this data set Helper Helper column to understand other columns in this data set comment on the whole row ; Datagroup description : Helper @QUALITY$ at breast height ( meandbh ) , centimeter meandbh Diameter of a @ORGANISM$ , measured at 1.3 m height ( meandbh : merging the dbh column the extrapolated dbh column ( dbhpostmean ) ; Diameter at breast height ; ; Instrumentation : diameter tape , calliper ( derived from datagroup ) ; Instrumentation : diameter tape , calliper ( derived from datagroup ) ) dimensionless real Diameter at breast height Diameter of a tree , measured at 1.3 m height merging the dbh column the extrapolated dbh column ( dbhpostmean ) ; Diameter at breast height ; ; Instrumentation : diameter tape , calliper ( derived from datagroup ) ; Instrumentation : diameter tape , calliper ( derived from datagroup ) diameter tape , calliper Helper ( meanGr10 ) , dimensionless meanGr10 Helper column to understand other columns in this data set ( meanGr10 : Indicating if the dbh ( measured or extrapolated ) is greater than 10cm and should be considered in volume estimation in the central and outer subplots.Helper ; Datagroup description : Helper ) Helper column to understand other columns in this data set Helper Helper column to understand other columns in this data set Indicating if the dbh ( measured or extrapolated ) is greater than 10cm and should be considered in volume estimation in the central and outer subplots.Helper ; Datagroup description : Helper Helper ( meanSm10Cn ) , dimensionless meanSm10Cn Helper column to understand other columns in this data set ( meanSm10Cn : Indicating if the dbh ( measured or extrapolated ) is smaller then 10cm and thus schould only considered in volume estimation of the central subplotHelper ; Datagroup description : Helper ) Helper column to understand other columns in this data set Helper Helper column to understand other columns in this data set Indicating if the dbh ( measured or extrapolated ) is smaller then 10cm and thus schould only considered in volume estimation of the central subplotHelper ; Datagroup description : Helper Helper ( ice_storm_representative ) , ice_storm_representative Helper column to understand other columns in this data set ( ice_storm_representative : Indicator for trees that can be considered dead because of the ice storm .","entity_pair","NA","We tested speciesspecific differences of crown area , @QUALITY$ and stem inclination using a mixed effects model with @ORGANISM$ as fixed effect and plot as random effect ."
"Helper ( comment Karin ) , dimensionless comment Karin Helper column to understand other columns in this data set ( comment Karin : comment on the whole row ; Datagroup description : Helper ) Helper column to understand other columns in this data set Helper Helper column to understand other columns in this data set comment on the whole row ; Datagroup description : Helper @QUALITY$ at breast height ( meandbh ) , centimeter meandbh Diameter of a @ORGANISM$ , measured at 1.3 m height ( meandbh : merging the dbh column the extrapolated dbh column ( dbhpostmean ) ; Diameter at breast height ; ; Instrumentation : diameter tape , calliper ( derived from datagroup ) ; Instrumentation : diameter tape , calliper ( derived from datagroup ) ) dimensionless real Diameter at breast height Diameter of a tree , measured at 1.3 m height merging the dbh column the extrapolated dbh column ( dbhpostmean ) ; Diameter at breast height ; ; Instrumentation : diameter tape , calliper ( derived from datagroup ) ; Instrumentation : diameter tape , calliper ( derived from datagroup ) diameter tape , calliper Helper ( meanGr10 ) , dimensionless meanGr10 Helper column to understand other columns in this data set ( meanGr10 : Indicating if the dbh ( measured or extrapolated ) is greater than 10cm and should be considered in volume estimation in the central and outer subplots.Helper ; Datagroup description : Helper ) Helper column to understand other columns in this data set Helper Helper column to understand other columns in this data set Indicating if the dbh ( measured or extrapolated ) is greater than 10cm and should be considered in volume estimation in the central and outer subplots.Helper ; Datagroup description : Helper Helper ( meanSm10Cn ) , dimensionless meanSm10Cn Helper column to understand other columns in this data set ( meanSm10Cn : Indicating if the dbh ( measured or extrapolated ) is smaller then 10cm and thus schould only considered in volume estimation of the central subplotHelper ; Datagroup description : Helper ) Helper column to understand other columns in this data set Helper Helper column to understand other columns in this data set Indicating if the dbh ( measured or extrapolated ) is smaller then 10cm and thus schould only considered in volume estimation of the central subplotHelper ; Datagroup description : Helper Helper ( ice_storm_representative ) , ice_storm_representative Helper column to understand other columns in this data set ( ice_storm_representative : Indicator for trees that can be considered dead because of the ice storm .","entity_pair","NA","Mind that the azimuth may have to be corrected given the date and location , since it depends on the magnetic field of the earth.CSP metal tag number ( trees , woody debris ) ; Datagroup description : CSP metal tag number ( trees , @QUALITY$ debris ) ; Datagroup description : CSP @ORGANISM$ individuals were marked mostly with metal tags but also additional tags were used ."
